#
# There is insufficient memory for the Java Runtime Environment to continue.
# Native memory allocation (malloc) failed to allocate 2034736 bytes. Error detail: Chunk::new
# Possible reasons:
#   The system is out of physical RAM or swap space
#   This process is running with CompressedOops enabled, and the Java Heap may be blocking the growth of the native heap
# Possible solutions:
#   Reduce memory load on the system
#   Increase physical memory or swap space
#   Check if swap backing store is full
#   Decrease Java heap size (-Xmx/-Xms)
#   Decrease number of Java threads
#   Decrease Java thread stack sizes (-Xss)
#   Set larger code cache with -XX:ReservedCodeCacheSize=
#   JVM is running with Unscaled Compressed Oops mode in which the Java heap is
#     placed in the first 4GB address space. The Java Heap base address is the
#     maximum limit for the native heap growth. Please use -XX:HeapBaseMinAddress
#     to set the Java Heap base and to place the Java Heap above 4GB virtual address.
# This output file may be truncated or incomplete.
#
#  Out of Memory Error (arena.cpp:191), pid=60856, tid=45580
#
# JRE version: OpenJDK Runtime Environment Microsoft-11926163 (17.0.16+8) (build 17.0.16+8-LTS)
# Java VM: OpenJDK 64-Bit Server VM Microsoft-11926163 (17.0.16+8-LTS, mixed mode, sharing, tiered, compressed oops, compressed class ptrs, g1 gc, windows-amd64)
# No core dump will be written. Minidumps are not enabled by default on client versions of Windows
#

---------------  S U M M A R Y ------------

Command Line: --add-opens=java.base/java.lang=ALL-UNNAMED --add-opens=java.base/java.lang.invoke=ALL-UNNAMED --add-opens=java.base/java.util=ALL-UNNAMED --add-opens=java.prefs/java.util.prefs=ALL-UNNAMED --add-exports=jdk.compiler/com.sun.tools.javac.api=ALL-UNNAMED --add-exports=jdk.compiler/com.sun.tools.javac.util=ALL-UNNAMED --add-opens=java.base/java.util=ALL-UNNAMED --add-opens=java.prefs/java.util.prefs=ALL-UNNAMED --add-opens=java.base/java.nio.charset=ALL-UNNAMED --add-opens=java.base/java.net=ALL-UNNAMED --add-opens=java.base/java.util.concurrent=ALL-UNNAMED --add-opens=java.base/java.util.concurrent.atomic=ALL-UNNAMED --add-opens=java.xml/javax.xml.namespace=ALL-UNNAMED -XX:MaxMetaspaceSize=512m -Xmx2048m -Dfile.encoding=windows-1252 -Duser.country=US -Duser.language=en -Duser.variant -javaagent:C:\Users\Z _ H Traders\.gradle\wrapper\dists\gradle-9.0.0-bin\d6wjpkvcgsg3oed0qlfss3wgl\gradle-9.0.0\lib\agents\gradle-instrumentation-agent-9.0.0.jar org.gradle.launcher.daemon.bootstrap.GradleDaemon 9.0.0

Host: Intel(R) Core(TM) i5-8350U CPU @ 1.70GHz, 8 cores, 7G,  Windows 11 , 64 bit Build 26100 (10.0.26100.7019)
Time: Wed Dec 17 12:35:46 2025 Pakistan Standard Time elapsed time: 318.739117 seconds (0d 0h 5m 18s)

---------------  T H R E A D  ---------------

Current thread (0x000002ab7b8ebab0):  JavaThread "C2 CompilerThread1" daemon [_thread_in_native, id=45580, stack(0x000000c134d00000,0x000000c134e00000)]


Current CompileTask:
C2: 318739 23596   !   4       java.io.ObjectInputStream::readSerialData (549 bytes)

Stack: [0x000000c134d00000,0x000000c134e00000]
Native frames: (J=compiled Java code, j=interpreted, Vv=VM code, C=native code)
V  [jvm.dll+0x68ee19]
V  [jvm.dll+0x846249]
V  [jvm.dll+0x847fb8]
V  [jvm.dll+0x848643]
V  [jvm.dll+0x24cf6f]
V  [jvm.dll+0xaecb6]
V  [jvm.dll+0xaf35c]
V  [jvm.dll+0x37134f]
V  [jvm.dll+0x33b7a5]
V  [jvm.dll+0x33ac0a]
V  [jvm.dll+0x21df29]
V  [jvm.dll+0x21d36d]
V  [jvm.dll+0x1a8ce6]
V  [jvm.dll+0x22db1b]
V  [jvm.dll+0x22bca6]
V  [jvm.dll+0x7fba9b]
V  [jvm.dll+0x7f5e9c]
V  [jvm.dll+0x68dd27]
C  [ucrtbase.dll+0x37b0]
C  [KERNEL32.DLL+0x2e8d7]
C  [ntdll.dll+0x8c53c]


---------------  P R O C E S S  ---------------

Threads class SMR info:
_java_thread_list=0x000002ab7df7fb50, length=151, elements={
0x000002ab4c59d860, 0x000002ab6aa48950, 0x000002ab6aa4a730, 0x000002ab6aa69ef0,
0x000002ab6aa6ae20, 0x000002ab6aa6a910, 0x000002ab6aa68fc0, 0x000002ab6aa73330,
0x000002ab6aa7ac30, 0x000002ab6aa694d0, 0x000002ab6aa6a400, 0x000002ab6aa699e0,
0x000002ab6aa67b80, 0x000002ab6aa68090, 0x000002ab6aa685a0, 0x000002ab6aa68ab0,
0x000002ab70122ec0, 0x000002ab701233d0, 0x000002ab701229b0, 0x000002ab70121060,
0x000002ab70121f90, 0x000002ab701238e0, 0x000002ab70124300, 0x000002ab70123df0,
0x000002ab701224a0, 0x000002ab70124810, 0x000002ab70121570, 0x000002ab70121a80,
0x000002ab72414100, 0x000002ab72415a50, 0x000002ab72415f60, 0x000002ab724136e0,
0x000002ab724127b0, 0x000002ab72412cc0, 0x000002ab72414610, 0x000002ab724131d0,
0x000002ab72414b20, 0x000002ab72416470, 0x000002ab72416980, 0x000002ab724173a0,
0x000002ab72413bf0, 0x000002ab72419200, 0x000002ab724187e0, 0x000002ab72418cf0,
0x000002ab72419710, 0x000002ab72416e90, 0x000002ab72419c20, 0x000002ab7241a130,
0x000002ab724178b0, 0x000002ab72417dc0, 0x000002ab724182d0, 0x000002ab72b4e320,
0x000002ab72b4d900, 0x000002ab72b4e830, 0x000002ab72b4b080, 0x000002ab72b4c9d0,
0x000002ab72b4b590, 0x000002ab72b4cee0, 0x000002ab72b4f250, 0x000002ab72b4c4c0,
0x000002ab72b4ed40, 0x000002ab72b4baa0, 0x000002ab72b4f760, 0x000002ab72b4bfb0,
0x000002ab72b4d3f0, 0x000002ab72b515c0, 0x000002ab72b524f0, 0x000002ab72b51fe0,
0x000002ab714b1b70, 0x000002ab714b2590, 0x000002ab714b34c0, 0x000002ab714b2fb0,
0x000002ab714b3ee0, 0x000002ab714b4900, 0x000002ab714b1150, 0x000002ab714b1660,
0x000002ab714b4e10, 0x000002ab714b5320, 0x000002ab714b5830, 0x000002ab714b2080,
0x000002ab714b5d40, 0x000002ab714b80b0, 0x000002ab714b7690, 0x000002ab714b6250,
0x000002ab714b85c0, 0x000002ab714b6760, 0x000002ab714b6c70, 0x000002ab714b7180,
0x000002ab714b7ba0, 0x000002ab7208dda0, 0x000002ab7208e7c0, 0x000002ab7208d890,
0x000002ab7208ce70, 0x000002ab7208e2b0, 0x000002ab7208ecd0, 0x000002ab7208f1e0,
0x000002ab7208fc00, 0x000002ab7208d380, 0x000002ab72091040, 0x000002ab72092480,
0x000002ab72091f70, 0x000002ab72090110, 0x000002ab72092990, 0x000002ab72092ea0,
0x000002ab7208f6f0, 0x000002ab72091550, 0x000002ab72090b30, 0x000002ab72090620,
0x000002ab720938c0, 0x000002ab72093dd0, 0x000002ab720933b0, 0x000002ab72091a60,
0x000002ab720942e0, 0x000002ab720947f0, 0x000002ab73d2b870, 0x000002ab73d2bd80,
0x000002ab73d2c7a0, 0x000002ab73d2dbe0, 0x000002ab73d2ae50, 0x000002ab73d2e0f0,
0x000002ab73d2ccb0, 0x000002ab73d2eb10, 0x000002ab73d2c290, 0x000002ab73d2b360,
0x000002ab73d2f020, 0x000002ab73d30460, 0x000002ab73d2ff50, 0x000002ab73d2d6d0,
0x000002ab73d2e600, 0x000002ab73d327d0, 0x000002ab73d318a0, 0x000002ab73d31db0,
0x000002ab73d2fa40, 0x000002ab73d30e80, 0x000002ab75d53de0, 0x000002ab75d52eb0,
0x000002ab75d55c40, 0x000002ab75d54800, 0x000002ab75d59900, 0x000002ab75d589d0,
0x000002ab714b2aa0, 0x000002ab714b39d0, 0x000002ab72b4fc70, 0x000002ab7b8ebab0,
0x000002ab7b8e9580, 0x000002ab72b510b0, 0x000002ab73d2f530, 0x000002ab73d30970,
0x000002ab73d322c0, 0x000002ab714b43f0, 0x000002ab714b0c40
}

Java Threads: ( => current thread )
  0x000002ab4c59d860 JavaThread "main" [_thread_blocked, id=58964, stack(0x000000c131a00000,0x000000c131b00000)]
  0x000002ab6aa48950 JavaThread "Reference Handler" daemon [_thread_blocked, id=31184, stack(0x000000c132100000,0x000000c132200000)]
  0x000002ab6aa4a730 JavaThread "Finalizer" daemon [_thread_blocked, id=52540, stack(0x000000c132200000,0x000000c132300000)]
  0x000002ab6aa69ef0 JavaThread "Signal Dispatcher" daemon [_thread_blocked, id=29620, stack(0x000000c132300000,0x000000c132400000)]
  0x000002ab6aa6ae20 JavaThread "Attach Listener" daemon [_thread_blocked, id=5916, stack(0x000000c132400000,0x000000c132500000)]
  0x000002ab6aa6a910 JavaThread "Service Thread" daemon [_thread_blocked, id=48636, stack(0x000000c132500000,0x000000c132600000)]
  0x000002ab6aa68fc0 JavaThread "Monitor Deflation Thread" daemon [_thread_blocked, id=53488, stack(0x000000c132600000,0x000000c132700000)]
  0x000002ab6aa73330 JavaThread "C2 CompilerThread0" daemon [_thread_in_native, id=53580, stack(0x000000c132700000,0x000000c132800000)]
  0x000002ab6aa7ac30 JavaThread "C1 CompilerThread0" daemon [_thread_in_native, id=65468, stack(0x000000c132800000,0x000000c132900000)]
  0x000002ab6aa694d0 JavaThread "Sweeper thread" daemon [_thread_blocked, id=58732, stack(0x000000c132900000,0x000000c132a00000)]
  0x000002ab6aa6a400 JavaThread "Common-Cleaner" daemon [_thread_blocked, id=20972, stack(0x000000c132a00000,0x000000c132b00000)]
  0x000002ab6aa699e0 JavaThread "Notification Thread" daemon [_thread_blocked, id=52344, stack(0x000000c132b00000,0x000000c132c00000)]
  0x000002ab6aa67b80 JavaThread "Daemon health stats" [_thread_blocked, id=59256, stack(0x000000c133100000,0x000000c133200000)]
  0x000002ab6aa68090 JavaThread "Incoming local TCP Connector on port 60122" [_thread_in_native, id=59364, stack(0x000000c133200000,0x000000c133300000)]
  0x000002ab6aa685a0 JavaThread "Daemon periodic checks" [_thread_blocked, id=31576, stack(0x000000c133300000,0x000000c133400000)]
  0x000002ab6aa68ab0 JavaThread "Daemon" [_thread_blocked, id=64208, stack(0x000000c133500000,0x000000c133600000)]
  0x000002ab70122ec0 JavaThread "Handler for socket connection from /127.0.0.1:60122 to /127.0.0.1:60123" [_thread_in_native, id=66336, stack(0x000000c133600000,0x000000c133700000)]
  0x000002ab701233d0 JavaThread "Cancel handler" [_thread_blocked, id=34236, stack(0x000000c133400000,0x000000c133500000)]
  0x000002ab701229b0 JavaThread "Daemon worker" [_thread_blocked, id=62996, stack(0x000000c133700000,0x000000c133800000)]
  0x000002ab70121060 JavaThread "Asynchronous log dispatcher for DefaultDaemonConnection: socket connection from /127.0.0.1:60122 to /127.0.0.1:60123" [_thread_blocked, id=57368, stack(0x000000c133800000,0x000000c133900000)]
  0x000002ab70121f90 JavaThread "Stdin handler" [_thread_blocked, id=57740, stack(0x000000c133900000,0x000000c133a00000)]
  0x000002ab701238e0 JavaThread "Daemon client event forwarder" [_thread_blocked, id=66068, stack(0x000000c133a00000,0x000000c133b00000)]
  0x000002ab70124300 JavaThread "Cache worker for journal cache (C:\Users\Z _ H Traders\.gradle\caches\journal-1)" [_thread_blocked, id=57580, stack(0x000000c133b00000,0x000000c133c00000)]
  0x000002ab70123df0 JavaThread "File lock request listener" [_thread_in_native, id=13820, stack(0x000000c133c00000,0x000000c133d00000)]
  0x000002ab701224a0 JavaThread "Cache worker for file hash cache (C:\Users\Z _ H Traders\.gradle\caches\9.0.0\fileHashes)" [_thread_blocked, id=53492, stack(0x000000c133e00000,0x000000c133f00000)]
  0x000002ab70124810 JavaThread "Cache worker for file hash cache (C:\ERS\THELASTHOPE_ERS\android\.gradle\9.0.0\fileHashes)" [_thread_blocked, id=66268, stack(0x000000c134200000,0x000000c134300000)]
  0x000002ab70121570 JavaThread "Cache worker for Build Output Cleanup Cache (C:\ERS\THELASTHOPE_ERS\android\.gradle\buildOutputCleanup)" [_thread_blocked, id=61656, stack(0x000000c134300000,0x000000c134400000)]
  0x000002ab70121a80 JavaThread "File watcher server" daemon [_thread_in_native, id=22712, stack(0x000000c134400000,0x000000c134500000)]
  0x000002ab72414100 JavaThread "File watcher consumer" daemon [_thread_blocked, id=64700, stack(0x000000c134500000,0x000000c134600000)]
  0x000002ab72415a50 JavaThread "Cache worker for checksums cache (C:\ERS\THELASTHOPE_ERS\android\.gradle\9.0.0\checksums)" [_thread_blocked, id=41808, stack(0x000000c134600000,0x000000c134700000)]
  0x000002ab72415f60 JavaThread "Cache worker for file content cache (C:\Users\Z _ H Traders\.gradle\caches\9.0.0\fileContent)" [_thread_blocked, id=63796, stack(0x000000c134700000,0x000000c134800000)]
  0x000002ab724136e0 JavaThread "Cache worker for cache directory md-supplier (C:\Users\Z _ H Traders\.gradle\caches\9.0.0\md-supplier)" [_thread_blocked, id=63484, stack(0x000000c134800000,0x000000c134900000)]
  0x000002ab724127b0 JavaThread "Cache worker for cache directory md-rule (C:\Users\Z _ H Traders\.gradle\caches\9.0.0\md-rule)" [_thread_blocked, id=40344, stack(0x000000c134900000,0x000000c134a00000)]
  0x000002ab72412cc0 JavaThread "jar transforms" [_thread_blocked, id=46424, stack(0x000000c134a00000,0x000000c134b00000)]
  0x000002ab72414610 JavaThread "Cache worker for Build Output Cleanup Cache (C:\ERS\THELASTHOPE_ERS\node_modules\@react-native\gradle-plugin\.gradle\buildOutputCleanup)" [_thread_blocked, id=61204, stack(0x000000c134b00000,0x000000c134c00000)]
  0x000002ab724131d0 JavaThread "Unconstrained build operations" [_thread_blocked, id=56424, stack(0x000000c135000000,0x000000c135100000)]
  0x000002ab72414b20 JavaThread "Unconstrained build operations Thread 2" [_thread_blocked, id=66452, stack(0x000000c135100000,0x000000c135200000)]
  0x000002ab72416470 JavaThread "Unconstrained build operations Thread 3" [_thread_blocked, id=49140, stack(0x000000c135200000,0x000000c135300000)]
  0x000002ab72416980 JavaThread "Unconstrained build operations Thread 4" [_thread_blocked, id=65076, stack(0x000000c135300000,0x000000c135400000)]
  0x000002ab724173a0 JavaThread "Unconstrained build operations Thread 5" [_thread_blocked, id=47084, stack(0x000000c135400000,0x000000c135500000)]
  0x000002ab72413bf0 JavaThread "Unconstrained build operations Thread 6" [_thread_blocked, id=60296, stack(0x000000c135500000,0x000000c135600000)]
  0x000002ab72419200 JavaThread "Unconstrained build operations Thread 7" [_thread_blocked, id=56184, stack(0x000000c135600000,0x000000c135700000)]
  0x000002ab724187e0 JavaThread "Unconstrained build operations Thread 8" [_thread_blocked, id=37072, stack(0x000000c135700000,0x000000c135800000)]
  0x000002ab72418cf0 JavaThread "Unconstrained build operations Thread 9" [_thread_blocked, id=61496, stack(0x000000c135800000,0x000000c135900000)]
  0x000002ab72419710 JavaThread "Unconstrained build operations Thread 10" [_thread_blocked, id=27368, stack(0x000000c135900000,0x000000c135a00000)]
  0x000002ab72416e90 JavaThread "Unconstrained build operations Thread 11" [_thread_blocked, id=51436, stack(0x000000c135a00000,0x000000c135b00000)]
  0x000002ab72419c20 JavaThread "Unconstrained build operations Thread 12" [_thread_blocked, id=53180, stack(0x000000c135b00000,0x000000c135c00000)]
  0x000002ab7241a130 JavaThread "Unconstrained build operations Thread 13" [_thread_blocked, id=36200, stack(0x000000c135c00000,0x000000c135d00000)]
  0x000002ab724178b0 JavaThread "Unconstrained build operations Thread 14" [_thread_blocked, id=61708, stack(0x000000c135d00000,0x000000c135e00000)]
  0x000002ab72417dc0 JavaThread "Unconstrained build operations Thread 15" [_thread_blocked, id=4908, stack(0x000000c135e00000,0x000000c135f00000)]
  0x000002ab724182d0 JavaThread "Unconstrained build operations Thread 16" [_thread_blocked, id=38928, stack(0x000000c135f00000,0x000000c136000000)]
  0x000002ab72b4e320 JavaThread "Unconstrained build operations Thread 17" [_thread_blocked, id=59004, stack(0x000000c136000000,0x000000c136100000)]
  0x000002ab72b4d900 JavaThread "Unconstrained build operations Thread 18" [_thread_blocked, id=65584, stack(0x000000c136100000,0x000000c136200000)]
  0x000002ab72b4e830 JavaThread "Unconstrained build operations Thread 19" [_thread_blocked, id=2324, stack(0x000000c136200000,0x000000c136300000)]
  0x000002ab72b4b080 JavaThread "Unconstrained build operations Thread 20" [_thread_blocked, id=56700, stack(0x000000c136300000,0x000000c136400000)]
  0x000002ab72b4c9d0 JavaThread "Unconstrained build operations Thread 21" [_thread_blocked, id=64568, stack(0x000000c136400000,0x000000c136500000)]
  0x000002ab72b4b590 JavaThread "Unconstrained build operations Thread 22" [_thread_blocked, id=54020, stack(0x000000c136500000,0x000000c136600000)]
  0x000002ab72b4cee0 JavaThread "Unconstrained build operations Thread 23" [_thread_blocked, id=66172, stack(0x000000c136600000,0x000000c136700000)]
  0x000002ab72b4f250 JavaThread "Unconstrained build operations Thread 24" [_thread_blocked, id=61984, stack(0x000000c136700000,0x000000c136800000)]
  0x000002ab72b4c4c0 JavaThread "Unconstrained build operations Thread 25" [_thread_blocked, id=12612, stack(0x000000c136800000,0x000000c136900000)]
  0x000002ab72b4ed40 JavaThread "Unconstrained build operations Thread 26" [_thread_blocked, id=29060, stack(0x000000c136900000,0x000000c136a00000)]
  0x000002ab72b4baa0 JavaThread "Unconstrained build operations Thread 27" [_thread_blocked, id=56580, stack(0x000000c136a00000,0x000000c136b00000)]
  0x000002ab72b4f760 JavaThread "build event listener" [_thread_blocked, id=62688, stack(0x000000c134f00000,0x000000c135000000)]
  0x000002ab72b4bfb0 JavaThread "Memory manager" [_thread_blocked, id=41628, stack(0x000000c136c00000,0x000000c136d00000)]
  0x000002ab72b4d3f0 JavaThread "ForkJoinPool.commonPool-worker-1" daemon [_thread_blocked, id=2740, stack(0x000000c131800000,0x000000c131900000)]
  0x000002ab72b515c0 JavaThread "ForkJoinPool.commonPool-worker-3" daemon [_thread_blocked, id=66372, stack(0x000000c136b00000,0x000000c136c00000)]
  0x000002ab72b524f0 JavaThread "ForkJoinPool.commonPool-worker-5" daemon [_thread_blocked, id=54792, stack(0x000000c136e00000,0x000000c136f00000)]
  0x000002ab72b51fe0 JavaThread "ForkJoinPool.commonPool-worker-7" daemon [_thread_blocked, id=62784, stack(0x000000c137000000,0x000000c137100000)]
  0x000002ab714b1b70 JavaThread "Execution worker" [_thread_blocked, id=65172, stack(0x000000c137500000,0x000000c137600000)]
  0x000002ab714b2590 JavaThread "Execution worker Thread 2" [_thread_blocked, id=60608, stack(0x000000c137600000,0x000000c137700000)]
  0x000002ab714b34c0 JavaThread "Execution worker Thread 3" [_thread_blocked, id=9852, stack(0x000000c137700000,0x000000c137800000)]
  0x000002ab714b2fb0 JavaThread "Execution worker Thread 4" [_thread_blocked, id=60252, stack(0x000000c137800000,0x000000c137900000)]
  0x000002ab714b3ee0 JavaThread "Execution worker Thread 5" [_thread_in_vm, id=27136, stack(0x000000c137900000,0x000000c137a00000)]
  0x000002ab714b4900 JavaThread "Execution worker Thread 6" [_thread_blocked, id=39192, stack(0x000000c137a00000,0x000000c137b00000)]
  0x000002ab714b1150 JavaThread "Execution worker Thread 7" [_thread_blocked, id=60320, stack(0x000000c137b00000,0x000000c137c00000)]
  0x000002ab714b1660 JavaThread "Cache worker for execution history cache (C:\ERS\THELASTHOPE_ERS\node_modules\@react-native\gradle-plugin\.gradle\9.0.0\executionHistory)" [_thread_blocked, id=56652, stack(0x000000c137c00000,0x000000c137d00000)]
  0x000002ab714b4e10 JavaThread "Unconstrained build operations Thread 28" [_thread_blocked, id=41332, stack(0x000000c137d00000,0x000000c137e00000)]
  0x000002ab714b5320 JavaThread "Unconstrained build operations Thread 29" [_thread_blocked, id=60168, stack(0x000000c137e00000,0x000000c137f00000)]
  0x000002ab714b5830 JavaThread "Unconstrained build operations Thread 30" [_thread_blocked, id=21628, stack(0x000000c137f00000,0x000000c138000000)]
  0x000002ab714b2080 JavaThread "Unconstrained build operations Thread 31" [_thread_blocked, id=47680, stack(0x000000c138000000,0x000000c138100000)]
  0x000002ab714b5d40 JavaThread "Unconstrained build operations Thread 32" [_thread_blocked, id=64876, stack(0x000000c138100000,0x000000c138200000)]
  0x000002ab714b80b0 JavaThread "Unconstrained build operations Thread 33" [_thread_blocked, id=41244, stack(0x000000c138200000,0x000000c138300000)]
  0x000002ab714b7690 JavaThread "Unconstrained build operations Thread 34" [_thread_blocked, id=7380, stack(0x000000c138300000,0x000000c138400000)]
  0x000002ab714b6250 JavaThread "Unconstrained build operations Thread 35" [_thread_blocked, id=66364, stack(0x000000c138400000,0x000000c138500000)]
  0x000002ab714b85c0 JavaThread "Unconstrained build operations Thread 36" [_thread_blocked, id=48004, stack(0x000000c138500000,0x000000c138600000)]
  0x000002ab714b6760 JavaThread "Unconstrained build operations Thread 37" [_thread_blocked, id=31500, stack(0x000000c138600000,0x000000c138700000)]
  0x000002ab714b6c70 JavaThread "Unconstrained build operations Thread 38" [_thread_blocked, id=14436, stack(0x000000c138700000,0x000000c138800000)]
  0x000002ab714b7180 JavaThread "Unconstrained build operations Thread 39" [_thread_blocked, id=65936, stack(0x000000c138800000,0x000000c138900000)]
  0x000002ab714b7ba0 JavaThread "Unconstrained build operations Thread 40" [_thread_blocked, id=64172, stack(0x000000c138900000,0x000000c138a00000)]
  0x000002ab7208dda0 JavaThread "Unconstrained build operations Thread 41" [_thread_blocked, id=28584, stack(0x000000c138a00000,0x000000c138b00000)]
  0x000002ab7208e7c0 JavaThread "Unconstrained build operations Thread 42" [_thread_blocked, id=66528, stack(0x000000c138b00000,0x000000c138c00000)]
  0x000002ab7208d890 JavaThread "Unconstrained build operations Thread 43" [_thread_blocked, id=52172, stack(0x000000c138c00000,0x000000c138d00000)]
  0x000002ab7208ce70 JavaThread "Unconstrained build operations Thread 44" [_thread_blocked, id=52060, stack(0x000000c138d00000,0x000000c138e00000)]
  0x000002ab7208e2b0 JavaThread "Unconstrained build operations Thread 45" [_thread_blocked, id=59056, stack(0x000000c138e00000,0x000000c138f00000)]
  0x000002ab7208ecd0 JavaThread "Unconstrained build operations Thread 46" [_thread_blocked, id=9496, stack(0x000000c138f00000,0x000000c139000000)]
  0x000002ab7208f1e0 JavaThread "Unconstrained build operations Thread 47" [_thread_blocked, id=33248, stack(0x000000c139000000,0x000000c139100000)]
  0x000002ab7208fc00 JavaThread "Unconstrained build operations Thread 48" [_thread_blocked, id=45348, stack(0x000000c139100000,0x000000c139200000)]
  0x000002ab7208d380 JavaThread "Unconstrained build operations Thread 49" [_thread_blocked, id=57116, stack(0x000000c139200000,0x000000c139300000)]
  0x000002ab72091040 JavaThread "Unconstrained build operations Thread 50" [_thread_blocked, id=57940, stack(0x000000c139300000,0x000000c139400000)]
  0x000002ab72092480 JavaThread "Unconstrained build operations Thread 51" [_thread_blocked, id=66188, stack(0x000000c139400000,0x000000c139500000)]
  0x000002ab72091f70 JavaThread "Unconstrained build operations Thread 52" [_thread_blocked, id=59312, stack(0x000000c139500000,0x000000c139600000)]
  0x000002ab72090110 JavaThread "Unconstrained build operations Thread 53" [_thread_blocked, id=61848, stack(0x000000c139600000,0x000000c139700000)]
  0x000002ab72092990 JavaThread "Unconstrained build operations Thread 54" [_thread_blocked, id=64128, stack(0x000000c139700000,0x000000c139800000)]
  0x000002ab72092ea0 JavaThread "Unconstrained build operations Thread 55" [_thread_blocked, id=64072, stack(0x000000c139800000,0x000000c139900000)]
  0x000002ab7208f6f0 JavaThread "Unconstrained build operations Thread 56" [_thread_blocked, id=58860, stack(0x000000c139900000,0x000000c139a00000)]
  0x000002ab72091550 JavaThread "Unconstrained build operations Thread 57" [_thread_blocked, id=65920, stack(0x000000c139a00000,0x000000c139b00000)]
  0x000002ab72090b30 JavaThread "Unconstrained build operations Thread 58" [_thread_blocked, id=62720, stack(0x000000c139b00000,0x000000c139c00000)]
  0x000002ab72090620 JavaThread "Unconstrained build operations Thread 59" [_thread_blocked, id=66100, stack(0x000000c139c00000,0x000000c139d00000)]
  0x000002ab720938c0 JavaThread "Unconstrained build operations Thread 60" [_thread_blocked, id=56792, stack(0x000000c139d00000,0x000000c139e00000)]
  0x000002ab72093dd0 JavaThread "Unconstrained build operations Thread 61" [_thread_blocked, id=41696, stack(0x000000c139e00000,0x000000c139f00000)]
  0x000002ab720933b0 JavaThread "Unconstrained build operations Thread 62" [_thread_blocked, id=57280, stack(0x000000c139f00000,0x000000c13a000000)]
  0x000002ab72091a60 JavaThread "Unconstrained build operations Thread 63" [_thread_blocked, id=63012, stack(0x000000c13a000000,0x000000c13a100000)]
  0x000002ab720942e0 JavaThread "Unconstrained build operations Thread 64" [_thread_blocked, id=65748, stack(0x000000c13a100000,0x000000c13a200000)]
  0x000002ab720947f0 JavaThread "Unconstrained build operations Thread 65" [_thread_blocked, id=54704, stack(0x000000c13a200000,0x000000c13a300000)]
  0x000002ab73d2b870 JavaThread "Unconstrained build operations Thread 66" [_thread_blocked, id=51972, stack(0x000000c13a300000,0x000000c13a400000)]
  0x000002ab73d2bd80 JavaThread "Unconstrained build operations Thread 67" [_thread_blocked, id=60868, stack(0x000000c13a400000,0x000000c13a500000)]
  0x000002ab73d2c7a0 JavaThread "Unconstrained build operations Thread 68" [_thread_blocked, id=64036, stack(0x000000c13a500000,0x000000c13a600000)]
  0x000002ab73d2dbe0 JavaThread "Unconstrained build operations Thread 69" [_thread_blocked, id=47640, stack(0x000000c13a600000,0x000000c13a700000)]
  0x000002ab73d2ae50 JavaThread "Unconstrained build operations Thread 70" [_thread_blocked, id=56512, stack(0x000000c13a700000,0x000000c13a800000)]
  0x000002ab73d2e0f0 JavaThread "Unconstrained build operations Thread 71" [_thread_blocked, id=48820, stack(0x000000c13a800000,0x000000c13a900000)]
  0x000002ab73d2ccb0 JavaThread "Unconstrained build operations Thread 72" [_thread_blocked, id=46160, stack(0x000000c13a900000,0x000000c13aa00000)]
  0x000002ab73d2eb10 JavaThread "Unconstrained build operations Thread 73" [_thread_blocked, id=57600, stack(0x000000c13aa00000,0x000000c13ab00000)]
  0x000002ab73d2c290 JavaThread "Unconstrained build operations Thread 74" [_thread_blocked, id=21572, stack(0x000000c13ab00000,0x000000c13ac00000)]
  0x000002ab73d2b360 JavaThread "Unconstrained build operations Thread 75" [_thread_blocked, id=18808, stack(0x000000c13ac00000,0x000000c13ad00000)]
  0x000002ab73d2f020 JavaThread "Unconstrained build operations Thread 76" [_thread_blocked, id=48228, stack(0x000000c13ad00000,0x000000c13ae00000)]
  0x000002ab73d30460 JavaThread "Unconstrained build operations Thread 77" [_thread_blocked, id=53608, stack(0x000000c13ae00000,0x000000c13af00000)]
  0x000002ab73d2ff50 JavaThread "jar transforms Thread 2" [_thread_blocked, id=64148, stack(0x000000c131700000,0x000000c131800000)]
  0x000002ab73d2d6d0 JavaThread "jar transforms Thread 3" [_thread_blocked, id=39344, stack(0x000000c13b200000,0x000000c13b300000)]
  0x000002ab73d2e600 JavaThread "Unconstrained build operations Thread 78" [_thread_blocked, id=58864, stack(0x000000c13b400000,0x000000c13b500000)]
  0x000002ab73d327d0 JavaThread "Unconstrained build operations Thread 79" [_thread_blocked, id=63976, stack(0x000000c13b500000,0x000000c13b600000)]
  0x000002ab73d318a0 JavaThread "Unconstrained build operations Thread 80" [_thread_blocked, id=52880, stack(0x000000c13b600000,0x000000c13b700000)]
  0x000002ab73d31db0 JavaThread "jar transforms Thread 4" [_thread_blocked, id=51640, stack(0x000000c13b800000,0x000000c13b900000)]
  0x000002ab73d2fa40 JavaThread "jar transforms Thread 5" [_thread_blocked, id=66120, stack(0x000000c13b300000,0x000000c13b400000)]
  0x000002ab73d30e80 JavaThread "jar transforms Thread 6" [_thread_blocked, id=64412, stack(0x000000c13b700000,0x000000c13b800000)]
  0x000002ab75d53de0 JavaThread "build event listener" [_thread_blocked, id=53020, stack(0x000000c13ba00000,0x000000c13bb00000)]
  0x000002ab75d52eb0 JavaThread "Problems report writer" [_thread_blocked, id=56812, stack(0x000000c13bb00000,0x000000c13bc00000)]
  0x000002ab75d55c40 JavaThread "jar transforms Thread 7" [_thread_blocked, id=59924, stack(0x000000c13bc00000,0x000000c13bd00000)]
  0x000002ab75d54800 JavaThread "jar transforms Thread 8" [_thread_blocked, id=63344, stack(0x000000c13bd00000,0x000000c13be00000)]
  0x000002ab75d59900 JavaThread "ForkJoinPool.commonPool-worker-8" daemon [_thread_blocked, id=43420, stack(0x000000c137100000,0x000000c137200000)]
  0x000002ab75d589d0 JavaThread "included builds Thread 2" [_thread_blocked, id=44588, stack(0x000000c136d00000,0x000000c136e00000)]
  0x000002ab714b2aa0 JavaThread "Cache worker for execution history cache (C:\ERS\THELASTHOPE_ERS\android\.gradle\9.0.0\executionHistory)" [_thread_blocked, id=13068, stack(0x000000c137200000,0x000000c137300000)]
  0x000002ab714b39d0 JavaThread "WorkerExecutor Queue" [_thread_in_vm, id=54956, stack(0x000000c137300000,0x000000c137400000)]
  0x000002ab72b4fc70 JavaThread "WorkerExecutor Queue Thread 2" [_thread_in_native, id=24004, stack(0x000000c134e00000,0x000000c134f00000)]
=>0x000002ab7b8ebab0 JavaThread "C2 CompilerThread1" daemon [_thread_in_native, id=45580, stack(0x000000c134d00000,0x000000c134e00000)]
  0x000002ab7b8e9580 JavaThread "C2 CompilerThread2" daemon [_thread_in_native, id=62856, stack(0x000000c131900000,0x000000c131a00000)]
  0x000002ab72b510b0 JavaThread "WorkerExecutor Queue Thread 3" [_thread_blocked, id=33084, stack(0x000000c13be00000,0x000000c13bf00000)]
  0x000002ab73d2f530 JavaThread "WorkerExecutor Queue Thread 4" [_thread_in_vm, id=59348, stack(0x000000c13bf00000,0x000000c13c000000)]
  0x000002ab73d30970 JavaThread "WorkerExecutor Queue Thread 5" [_thread_in_vm, id=47736, stack(0x000000c13c000000,0x000000c13c100000)]
  0x000002ab73d322c0 JavaThread "WorkerExecutor Queue Thread 6" [_thread_in_Java, id=63824, stack(0x000000c13c100000,0x000000c13c200000)]
  0x000002ab714b43f0 JavaThread "WorkerExecutor Queue Thread 7" [_thread_in_native, id=33316, stack(0x000000c13c200000,0x000000c13c300000)]
  0x000002ab714b0c40 JavaThread "WorkerExecutor Queue Thread 8" [_thread_blocked, id=6024, stack(0x000000c13c300000,0x000000c13c400000)]

Other Threads:
  0x000002ab6aa44660 VMThread "VM Thread" [stack: 0x000000c132000000,0x000000c132100000] [id=58244]
  0x000002ab6abf89c0 WatcherThread [stack: 0x000000c132c00000,0x000000c132d00000] [id=58888]
  0x000002ab4c5fd6c0 GCTaskThread "GC Thread#0" [stack: 0x000000c131b00000,0x000000c131c00000] [id=64204]
  0x000002ab6f199400 GCTaskThread "GC Thread#1" [stack: 0x000000c132f00000,0x000000c133000000] [id=17304]
  0x000002ab6ad44430 GCTaskThread "GC Thread#2" [stack: 0x000000c133000000,0x000000c133100000] [id=63340]
  0x000002ab6f2aa4b0 GCTaskThread "GC Thread#3" [stack: 0x000000c132d00000,0x000000c132e00000] [id=3592]
  0x000002ab6fafe620 GCTaskThread "GC Thread#4" [stack: 0x000000c132e00000,0x000000c132f00000] [id=62660]
  0x000002ab6ac65100 GCTaskThread "GC Thread#5" [stack: 0x000000c133f00000,0x000000c134000000] [id=58520]
  0x000002ab6ac65680 GCTaskThread "GC Thread#6" [stack: 0x000000c134000000,0x000000c134100000] [id=30540]
  0x000002ab6ac64340 GCTaskThread "GC Thread#7" [stack: 0x000000c134100000,0x000000c134200000] [id=60732]
  0x000002ab4c60e520 ConcurrentGCThread "G1 Main Marker" [stack: 0x000000c131c00000,0x000000c131d00000] [id=22012]
  0x000002ab4c60fb20 ConcurrentGCThread "G1 Conc#0" [stack: 0x000000c131d00000,0x000000c131e00000] [id=3176]
  0x000002ab6ac64080 ConcurrentGCThread "G1 Conc#1" [stack: 0x000000c133d00000,0x000000c133e00000] [id=64064]
  0x000002ab4c64d4c0 ConcurrentGCThread "G1 Refine#0" [stack: 0x000000c131e00000,0x000000c131f00000] [id=64984]
  0x000002ab6acca400 ConcurrentGCThread "G1 Refine#1" [stack: 0x000000c136f00000,0x000000c137000000] [id=44960]
  0x000002ab76175c20 ConcurrentGCThread "G1 Refine#2" [stack: 0x000000c13b000000,0x000000c13b100000] [id=63536]
  0x000002ab76176ad0 ConcurrentGCThread "G1 Refine#3" [stack: 0x000000c13b100000,0x000000c13b200000] [id=60576]
  0x000002ab76177c70 ConcurrentGCThread "G1 Refine#4" [stack: 0x000000c13b900000,0x000000c13ba00000] [id=65316]
  0x000002ab4c64ecb0 ConcurrentGCThread "G1 Service" [stack: 0x000000c131f00000,0x000000c132000000] [id=48140]

Threads with active compile tasks:
C2 CompilerThread0   318919 23585   !   4       java.io.ObjectInputStream::readObject0 (681 bytes)
C1 CompilerThread0   318923 23746       2       kotlin.text.StringsKt__StringsKt::trim (112 bytes)
C2 CompilerThread1   318928 23596   !   4       java.io.ObjectInputStream::readSerialData (549 bytes)
C2 CompilerThread2   318934 23534       4       java.io.ObjectOutputStream$BlockDataOutputStream::writeInt (46 bytes)

VM state: not at safepoint (normal execution)

VM Mutex/Monitor currently owned by a thread: None

Heap address: 0x0000000080000000, size: 2048 MB, Compressed Oops mode: 32-bit

CDS archive(s) mapped at: [0x000002ab00000000-0x000002ab00bb0000-0x000002ab00bb0000), size 12255232, SharedBaseAddress: 0x000002ab00000000, ArchiveRelocationMode: 1.
Compressed class space mapped at: 0x000002ab01000000-0x000002ab1b000000, reserved size: 436207616
Narrow klass base: 0x000002ab00000000, Narrow klass shift: 0, Narrow klass range: 0x100000000

GC Precious Log:
 CPUs: 8 total, 8 available
 Memory: 8026M
 Large Page Support: Disabled
 NUMA Support: Disabled
 Compressed Oops: Enabled (32-bit)
 Heap Region Size: 1M
 Heap Min Capacity: 8M
 Heap Initial Capacity: 126M
 Heap Max Capacity: 2G
 Pre-touch: Disabled
 Parallel Workers: 8
 Concurrent Workers: 2
 Concurrent Refinement Workers: 8
 Periodic GC: Disabled

Heap:
 garbage-first heap   total 555008K, used 333568K [0x0000000080000000, 0x0000000100000000)
  region size 1024K, 32 young (32768K), 5 survivors (5120K)
 Metaspace       used 134716K, committed 136704K, reserved 557056K
  class space    used 18347K, committed 19328K, reserved 425984K

Heap Regions: E=young(eden), S=young(survivor), O=old, HS=humongous(starts), HC=humongous(continues), CS=collection set, F=free, OA=open archive, CA=closed archive, TAMS=top-at-mark-start (previous, next)
|   0|0x0000000080000000, 0x0000000080100000, 0x0000000080100000|100%|HS|  |TAMS 0x0000000080100000, 0x0000000080000000| Complete 
|   1|0x0000000080100000, 0x0000000080200000, 0x0000000080200000|100%|HC|  |TAMS 0x0000000080200000, 0x0000000080100000| Complete 
|   2|0x0000000080200000, 0x0000000080300000, 0x0000000080300000|100%|HC|  |TAMS 0x0000000080300000, 0x0000000080200000| Complete 
|   3|0x0000000080300000, 0x0000000080400000, 0x0000000080400000|100%| O|  |TAMS 0x0000000080400000, 0x0000000080300000| Untracked 
|   4|0x0000000080400000, 0x0000000080500000, 0x0000000080500000|100%| O|  |TAMS 0x0000000080500000, 0x0000000080400000| Untracked 
|   5|0x0000000080500000, 0x0000000080600000, 0x0000000080600000|100%| O|  |TAMS 0x0000000080600000, 0x0000000080500000| Untracked 
|   6|0x0000000080600000, 0x0000000080700000, 0x0000000080700000|100%|HS|  |TAMS 0x0000000080700000, 0x0000000080600000| Complete 
|   7|0x0000000080700000, 0x0000000080800000, 0x0000000080800000|100%| O|  |TAMS 0x0000000080800000, 0x0000000080700000| Untracked 
|   8|0x0000000080800000, 0x0000000080900000, 0x0000000080900000|100%| O|  |TAMS 0x0000000080900000, 0x0000000080800000| Untracked 
|   9|0x0000000080900000, 0x0000000080a00000, 0x0000000080a00000|100%| O|  |TAMS 0x0000000080a00000, 0x0000000080900000| Untracked 
|  10|0x0000000080a00000, 0x0000000080b00000, 0x0000000080b00000|100%| O|  |TAMS 0x0000000080b00000, 0x0000000080a00000| Untracked 
|  11|0x0000000080b00000, 0x0000000080c00000, 0x0000000080c00000|100%| O|  |TAMS 0x0000000080c00000, 0x0000000080b00000| Untracked 
|  12|0x0000000080c00000, 0x0000000080d00000, 0x0000000080d00000|100%| O|  |TAMS 0x0000000080d00000, 0x0000000080c00000| Updating 
|  13|0x0000000080d00000, 0x0000000080e00000, 0x0000000080e00000|100%| O|  |TAMS 0x0000000080e00000, 0x0000000080d00000| Untracked 
|  14|0x0000000080e00000, 0x0000000080f00000, 0x0000000080f00000|100%| O|  |TAMS 0x0000000080f00000, 0x0000000080e00000| Untracked 
|  15|0x0000000080f00000, 0x0000000081000000, 0x0000000081000000|100%| O|  |TAMS 0x0000000081000000, 0x0000000080f00000| Updating 
|  16|0x0000000081000000, 0x0000000081100000, 0x0000000081100000|100%| O|  |TAMS 0x0000000081100000, 0x0000000081000000| Untracked 
|  17|0x0000000081100000, 0x0000000081200000, 0x0000000081200000|100%| O|  |TAMS 0x0000000081200000, 0x0000000081100000| Untracked 
|  18|0x0000000081200000, 0x0000000081300000, 0x0000000081300000|100%| O|  |TAMS 0x0000000081300000, 0x0000000081200000| Untracked 
|  19|0x0000000081300000, 0x0000000081400000, 0x0000000081400000|100%| O|  |TAMS 0x0000000081400000, 0x0000000081300000| Untracked 
|  20|0x0000000081400000, 0x0000000081500000, 0x0000000081500000|100%| O|  |TAMS 0x0000000081500000, 0x0000000081400000| Untracked 
|  21|0x0000000081500000, 0x0000000081600000, 0x0000000081600000|100%| O|  |TAMS 0x0000000081600000, 0x0000000081500000| Untracked 
|  22|0x0000000081600000, 0x0000000081700000, 0x0000000081700000|100%| O|  |TAMS 0x0000000081700000, 0x0000000081600000| Untracked 
|  23|0x0000000081700000, 0x0000000081800000, 0x0000000081800000|100%| O|  |TAMS 0x0000000081800000, 0x0000000081700000| Untracked 
|  24|0x0000000081800000, 0x0000000081900000, 0x0000000081900000|100%| O|  |TAMS 0x0000000081900000, 0x0000000081800000| Untracked 
|  25|0x0000000081900000, 0x0000000081a00000, 0x0000000081a00000|100%| O|  |TAMS 0x0000000081a00000, 0x0000000081900000| Untracked 
|  26|0x0000000081a00000, 0x0000000081b00000, 0x0000000081b00000|100%| O|  |TAMS 0x0000000081b00000, 0x0000000081a00000| Updating 
|  27|0x0000000081b00000, 0x0000000081c00000, 0x0000000081c00000|100%| O|  |TAMS 0x0000000081c00000, 0x0000000081b00000| Updating 
|  28|0x0000000081c00000, 0x0000000081d00000, 0x0000000081d00000|100%| O|  |TAMS 0x0000000081d00000, 0x0000000081c00000| Untracked 
|  29|0x0000000081d00000, 0x0000000081e00000, 0x0000000081e00000|100%| O|  |TAMS 0x0000000081e00000, 0x0000000081d00000| Updating 
|  30|0x0000000081e00000, 0x0000000081f00000, 0x0000000081f00000|100%| O|  |TAMS 0x0000000081f00000, 0x0000000081e00000| Untracked 
|  31|0x0000000081f00000, 0x0000000082000000, 0x0000000082000000|100%| O|  |TAMS 0x0000000082000000, 0x0000000081f00000| Untracked 
|  32|0x0000000082000000, 0x0000000082100000, 0x0000000082100000|100%| O|  |TAMS 0x0000000082100000, 0x0000000082000000| Updating 
|  33|0x0000000082100000, 0x0000000082200000, 0x0000000082200000|100%| O|  |TAMS 0x0000000082200000, 0x0000000082100000| Updating 
|  34|0x0000000082200000, 0x0000000082300000, 0x0000000082300000|100%| O|  |TAMS 0x0000000082300000, 0x0000000082200000| Updating 
|  35|0x0000000082300000, 0x0000000082400000, 0x0000000082400000|100%| O|  |TAMS 0x0000000082400000, 0x0000000082300000| Updating 
|  36|0x0000000082400000, 0x0000000082500000, 0x0000000082500000|100%| O|  |TAMS 0x0000000082500000, 0x0000000082400000| Updating 
|  37|0x0000000082500000, 0x0000000082600000, 0x0000000082600000|100%| O|  |TAMS 0x0000000082600000, 0x0000000082500000| Untracked 
|  38|0x0000000082600000, 0x0000000082700000, 0x0000000082700000|100%| O|  |TAMS 0x0000000082700000, 0x0000000082600000| Updating 
|  39|0x0000000082700000, 0x0000000082800000, 0x0000000082800000|100%| O|  |TAMS 0x0000000082800000, 0x0000000082700000| Updating 
|  40|0x0000000082800000, 0x0000000082900000, 0x0000000082900000|100%| O|  |TAMS 0x0000000082900000, 0x0000000082800000| Untracked 
|  41|0x0000000082900000, 0x0000000082a00000, 0x0000000082a00000|100%| O|  |TAMS 0x0000000082a00000, 0x0000000082900000| Updating 
|  42|0x0000000082a00000, 0x0000000082b00000, 0x0000000082b00000|100%| O|  |TAMS 0x0000000082b00000, 0x0000000082a00000| Updating 
|  43|0x0000000082b00000, 0x0000000082c00000, 0x0000000082c00000|100%|HS|  |TAMS 0x0000000082c00000, 0x0000000082b00000| Complete 
|  44|0x0000000082c00000, 0x0000000082d00000, 0x0000000082d00000|100%| O|  |TAMS 0x0000000082d00000, 0x0000000082c00000| Untracked 
|  45|0x0000000082d00000, 0x0000000082e00000, 0x0000000082e00000|100%|HS|  |TAMS 0x0000000082e00000, 0x0000000082d00000| Complete 
|  46|0x0000000082e00000, 0x0000000082f00000, 0x0000000082f00000|100%|HC|  |TAMS 0x0000000082f00000, 0x0000000082e00000| Complete 
|  47|0x0000000082f00000, 0x0000000083000000, 0x0000000083000000|100%|HC|  |TAMS 0x0000000083000000, 0x0000000082f00000| Complete 
|  48|0x0000000083000000, 0x0000000083100000, 0x0000000083100000|100%|HS|  |TAMS 0x0000000083100000, 0x0000000083000000| Complete 
|  49|0x0000000083100000, 0x0000000083200000, 0x0000000083200000|100%|HC|  |TAMS 0x0000000083200000, 0x0000000083100000| Complete 
|  50|0x0000000083200000, 0x0000000083300000, 0x0000000083300000|100%|HC|  |TAMS 0x0000000083300000, 0x0000000083200000| Complete 
|  51|0x0000000083300000, 0x0000000083400000, 0x0000000083400000|100%| O|  |TAMS 0x0000000083400000, 0x0000000083300000| Updating 
|  52|0x0000000083400000, 0x0000000083500000, 0x0000000083500000|100%| O|  |TAMS 0x0000000083500000, 0x0000000083400000| Untracked 
|  53|0x0000000083500000, 0x0000000083600000, 0x0000000083600000|100%| O|  |TAMS 0x0000000083600000, 0x0000000083500000| Untracked 
|  54|0x0000000083600000, 0x0000000083700000, 0x0000000083700000|100%| O|  |TAMS 0x0000000083700000, 0x0000000083600000| Updating 
|  55|0x0000000083700000, 0x0000000083800000, 0x0000000083800000|100%| O|  |TAMS 0x0000000083800000, 0x0000000083700000| Untracked 
|  56|0x0000000083800000, 0x0000000083900000, 0x0000000083900000|100%| O|  |TAMS 0x0000000083900000, 0x0000000083800000| Untracked 
|  57|0x0000000083900000, 0x0000000083a00000, 0x0000000083a00000|100%|HS|  |TAMS 0x0000000083a00000, 0x0000000083900000| Complete 
|  58|0x0000000083a00000, 0x0000000083b00000, 0x0000000083b00000|100%| O|  |TAMS 0x0000000083b00000, 0x0000000083a00000| Updating 
|  59|0x0000000083b00000, 0x0000000083c00000, 0x0000000083c00000|100%| O|  |TAMS 0x0000000083c00000, 0x0000000083b00000| Updating 
|  60|0x0000000083c00000, 0x0000000083d00000, 0x0000000083d00000|100%| O|  |TAMS 0x0000000083d00000, 0x0000000083c00000| Updating 
|  61|0x0000000083d00000, 0x0000000083e00000, 0x0000000083e00000|100%|HS|  |TAMS 0x0000000083e00000, 0x0000000083d00000| Complete 
|  62|0x0000000083e00000, 0x0000000083f00000, 0x0000000083f00000|100%|HS|  |TAMS 0x0000000083f00000, 0x0000000083e00000| Complete 
|  63|0x0000000083f00000, 0x0000000084000000, 0x0000000084000000|100%| O|  |TAMS 0x0000000084000000, 0x0000000083f00000| Updating 
|  64|0x0000000084000000, 0x0000000084100000, 0x0000000084100000|100%| O|  |TAMS 0x0000000084100000, 0x0000000084000000| Updating 
|  65|0x0000000084100000, 0x0000000084200000, 0x0000000084200000|100%| O|  |TAMS 0x0000000084200000, 0x0000000084100000| Untracked 
|  66|0x0000000084200000, 0x0000000084300000, 0x0000000084300000|100%| O|  |TAMS 0x0000000084300000, 0x0000000084200000| Updating 
|  67|0x0000000084300000, 0x0000000084400000, 0x0000000084400000|100%| O|  |TAMS 0x0000000084400000, 0x0000000084300000| Untracked 
|  68|0x0000000084400000, 0x0000000084500000, 0x0000000084500000|100%| O|  |TAMS 0x0000000084500000, 0x0000000084400000| Updating 
|  69|0x0000000084500000, 0x0000000084600000, 0x0000000084600000|100%|HS|  |TAMS 0x0000000084600000, 0x0000000084500000| Complete 
|  70|0x0000000084600000, 0x0000000084700000, 0x0000000084700000|100%| O|  |TAMS 0x0000000084700000, 0x0000000084600000| Updating 
|  71|0x0000000084700000, 0x0000000084800000, 0x0000000084800000|100%| O|  |TAMS 0x0000000084800000, 0x0000000084700000| Updating 
|  72|0x0000000084800000, 0x0000000084900000, 0x0000000084900000|100%|HS|  |TAMS 0x0000000084900000, 0x0000000084800000| Complete 
|  73|0x0000000084900000, 0x0000000084a00000, 0x0000000084a00000|100%| O|  |TAMS 0x0000000084a00000, 0x0000000084900000| Updating 
|  74|0x0000000084a00000, 0x0000000084b00000, 0x0000000084b00000|100%| O|  |TAMS 0x0000000084b00000, 0x0000000084a00000| Untracked 
|  75|0x0000000084b00000, 0x0000000084c00000, 0x0000000084c00000|100%| O|  |TAMS 0x0000000084c00000, 0x0000000084b00000| Updating 
|  76|0x0000000084c00000, 0x0000000084d00000, 0x0000000084d00000|100%| O|  |TAMS 0x0000000084d00000, 0x0000000084c00000| Updating 
|  77|0x0000000084d00000, 0x0000000084e00000, 0x0000000084e00000|100%| O|  |TAMS 0x0000000084e00000, 0x0000000084d00000| Updating 
|  78|0x0000000084e00000, 0x0000000084f00000, 0x0000000084f00000|100%|HS|  |TAMS 0x0000000084f00000, 0x0000000084e00000| Complete 
|  79|0x0000000084f00000, 0x0000000085000000, 0x0000000085000000|100%|HS|  |TAMS 0x0000000085000000, 0x0000000084f00000| Complete 
|  80|0x0000000085000000, 0x0000000085100000, 0x0000000085100000|100%| O|  |TAMS 0x0000000085100000, 0x0000000085000000| Updating 
|  81|0x0000000085100000, 0x0000000085200000, 0x0000000085200000|100%| O|  |TAMS 0x0000000085200000, 0x0000000085100000| Updating 
|  82|0x0000000085200000, 0x0000000085300000, 0x0000000085300000|100%|HS|  |TAMS 0x0000000085300000, 0x0000000085200000| Complete 
|  83|0x0000000085300000, 0x0000000085400000, 0x0000000085400000|100%| O|  |TAMS 0x0000000085400000, 0x0000000085300000| Updating 
|  84|0x0000000085400000, 0x0000000085500000, 0x0000000085500000|100%| O|  |TAMS 0x0000000085500000, 0x0000000085400000| Updating 
|  85|0x0000000085500000, 0x0000000085600000, 0x0000000085600000|100%| O|  |TAMS 0x0000000085600000, 0x0000000085500000| Updating 
|  86|0x0000000085600000, 0x0000000085700000, 0x0000000085700000|100%| O|  |TAMS 0x0000000085700000, 0x0000000085600000| Untracked 
|  87|0x0000000085700000, 0x0000000085800000, 0x0000000085800000|100%| O|  |TAMS 0x0000000085800000, 0x0000000085700000| Updating 
|  88|0x0000000085800000, 0x0000000085900000, 0x0000000085900000|100%| O|  |TAMS 0x0000000085900000, 0x0000000085800000| Updating 
|  89|0x0000000085900000, 0x0000000085a00000, 0x0000000085a00000|100%| O|  |TAMS 0x0000000085a00000, 0x0000000085900000| Updating 
|  90|0x0000000085a00000, 0x0000000085b00000, 0x0000000085b00000|100%|HS|  |TAMS 0x0000000085b00000, 0x0000000085a00000| Complete 
|  91|0x0000000085b00000, 0x0000000085c00000, 0x0000000085c00000|100%|HC|  |TAMS 0x0000000085c00000, 0x0000000085b00000| Complete 
|  92|0x0000000085c00000, 0x0000000085d00000, 0x0000000085d00000|100%|HC|  |TAMS 0x0000000085d00000, 0x0000000085c00000| Complete 
|  93|0x0000000085d00000, 0x0000000085e00000, 0x0000000085e00000|100%|HS|  |TAMS 0x0000000085e00000, 0x0000000085d00000| Complete 
|  94|0x0000000085e00000, 0x0000000085f00000, 0x0000000085f00000|100%| O|  |TAMS 0x0000000085f00000, 0x0000000085e00000| Updating 
|  95|0x0000000085f00000, 0x0000000086000000, 0x0000000086000000|100%| O|  |TAMS 0x0000000086000000, 0x0000000085f00000| Untracked 
|  96|0x0000000086000000, 0x0000000086100000, 0x0000000086100000|100%| O|  |TAMS 0x0000000086100000, 0x0000000086000000| Updating 
|  97|0x0000000086100000, 0x0000000086200000, 0x0000000086200000|100%| O|  |TAMS 0x0000000086200000, 0x0000000086100000| Untracked 
|  98|0x0000000086200000, 0x0000000086300000, 0x0000000086300000|100%| O|  |TAMS 0x0000000086300000, 0x0000000086200000| Untracked 
|  99|0x0000000086300000, 0x0000000086400000, 0x0000000086400000|100%| O|  |TAMS 0x0000000086400000, 0x0000000086300000| Untracked 
| 100|0x0000000086400000, 0x0000000086500000, 0x0000000086500000|100%| O|  |TAMS 0x0000000086500000, 0x0000000086400000| Untracked 
| 101|0x0000000086500000, 0x0000000086600000, 0x0000000086600000|100%| O|  |TAMS 0x0000000086600000, 0x0000000086500000| Untracked 
| 102|0x0000000086600000, 0x0000000086700000, 0x0000000086700000|100%| O|  |TAMS 0x0000000086700000, 0x0000000086600000| Updating 
| 103|0x0000000086700000, 0x0000000086800000, 0x0000000086800000|100%| O|  |TAMS 0x0000000086800000, 0x0000000086700000| Untracked 
| 104|0x0000000086800000, 0x0000000086900000, 0x0000000086900000|100%| O|  |TAMS 0x0000000086900000, 0x0000000086800000| Untracked 
| 105|0x0000000086900000, 0x0000000086a00000, 0x0000000086a00000|100%| O|  |TAMS 0x0000000086a00000, 0x0000000086900000| Untracked 
| 106|0x0000000086a00000, 0x0000000086b00000, 0x0000000086b00000|100%| O|  |TAMS 0x0000000086b00000, 0x0000000086a00000| Untracked 
| 107|0x0000000086b00000, 0x0000000086c00000, 0x0000000086c00000|100%| O|  |TAMS 0x0000000086c00000, 0x0000000086b00000| Updating 
| 108|0x0000000086c00000, 0x0000000086d00000, 0x0000000086d00000|100%| O|  |TAMS 0x0000000086d00000, 0x0000000086c00000| Untracked 
| 109|0x0000000086d00000, 0x0000000086e00000, 0x0000000086e00000|100%| O|  |TAMS 0x0000000086e00000, 0x0000000086d00000| Untracked 
| 110|0x0000000086e00000, 0x0000000086f00000, 0x0000000086f00000|100%| O|  |TAMS 0x0000000086f00000, 0x0000000086e00000| Untracked 
| 111|0x0000000086f00000, 0x0000000087000000, 0x0000000087000000|100%| O|  |TAMS 0x0000000087000000, 0x0000000086f00000| Updating 
| 112|0x0000000087000000, 0x0000000087100000, 0x0000000087100000|100%| O|  |TAMS 0x0000000087100000, 0x0000000087000000| Updating 
| 113|0x0000000087100000, 0x0000000087200000, 0x0000000087200000|100%| O|  |TAMS 0x0000000087200000, 0x0000000087100000| Untracked 
| 114|0x0000000087200000, 0x0000000087300000, 0x0000000087300000|100%| O|  |TAMS 0x0000000087300000, 0x0000000087200000| Untracked 
| 115|0x0000000087300000, 0x0000000087400000, 0x0000000087400000|100%| O|  |TAMS 0x0000000087400000, 0x0000000087300000| Untracked 
| 116|0x0000000087400000, 0x0000000087500000, 0x0000000087500000|100%| O|  |TAMS 0x0000000087500000, 0x0000000087400000| Untracked 
| 117|0x0000000087500000, 0x0000000087600000, 0x0000000087600000|100%| O|  |TAMS 0x0000000087600000, 0x0000000087500000| Updating 
| 118|0x0000000087600000, 0x0000000087700000, 0x0000000087700000|100%| O|  |TAMS 0x0000000087700000, 0x0000000087600000| Untracked 
| 119|0x0000000087700000, 0x0000000087800000, 0x0000000087800000|100%| O|  |TAMS 0x0000000087800000, 0x0000000087700000| Untracked 
| 120|0x0000000087800000, 0x0000000087900000, 0x0000000087900000|100%| O|  |TAMS 0x0000000087900000, 0x0000000087800000| Untracked 
| 121|0x0000000087900000, 0x0000000087a00000, 0x0000000087a00000|100%| O|  |TAMS 0x0000000087a00000, 0x0000000087900000| Untracked 
| 122|0x0000000087a00000, 0x0000000087b00000, 0x0000000087b00000|100%| O|  |TAMS 0x0000000087b00000, 0x0000000087a00000| Untracked 
| 123|0x0000000087b00000, 0x0000000087c00000, 0x0000000087c00000|100%| O|  |TAMS 0x0000000087c00000, 0x0000000087b00000| Updating 
| 124|0x0000000087c00000, 0x0000000087d00000, 0x0000000087d00000|100%|HS|  |TAMS 0x0000000087d00000, 0x0000000087c00000| Complete 
| 125|0x0000000087d00000, 0x0000000087e00000, 0x0000000087e00000|100%|HC|  |TAMS 0x0000000087e00000, 0x0000000087d00000| Complete 
| 126|0x0000000087e00000, 0x0000000087f00000, 0x0000000087f00000|100%| O|  |TAMS 0x0000000087f00000, 0x0000000087e00000| Untracked 
| 127|0x0000000087f00000, 0x0000000088000000, 0x0000000088000000|100%| O|  |TAMS 0x0000000088000000, 0x0000000087f00000| Untracked 
| 128|0x0000000088000000, 0x0000000088100000, 0x0000000088100000|100%| O|  |TAMS 0x0000000088100000, 0x0000000088000000| Untracked 
| 129|0x0000000088100000, 0x0000000088200000, 0x0000000088200000|100%| O|  |TAMS 0x0000000088200000, 0x0000000088100000| Untracked 
| 130|0x0000000088200000, 0x0000000088300000, 0x0000000088300000|100%| O|  |TAMS 0x0000000088300000, 0x0000000088200000| Untracked 
| 131|0x0000000088300000, 0x0000000088400000, 0x0000000088400000|100%| O|  |TAMS 0x0000000088400000, 0x0000000088300000| Updating 
| 132|0x0000000088400000, 0x0000000088500000, 0x0000000088500000|100%| O|  |TAMS 0x0000000088500000, 0x0000000088400000| Untracked 
| 133|0x0000000088500000, 0x0000000088600000, 0x0000000088600000|100%| O|  |TAMS 0x0000000088600000, 0x0000000088500000| Updating 
| 134|0x0000000088600000, 0x0000000088700000, 0x0000000088700000|100%| O|  |TAMS 0x0000000088700000, 0x0000000088600000| Untracked 
| 135|0x0000000088700000, 0x0000000088800000, 0x0000000088800000|100%| O|  |TAMS 0x0000000088800000, 0x0000000088700000| Updating 
| 136|0x0000000088800000, 0x0000000088900000, 0x0000000088900000|100%| O|  |TAMS 0x0000000088900000, 0x0000000088800000| Untracked 
| 137|0x0000000088900000, 0x0000000088a00000, 0x0000000088a00000|100%| O|  |TAMS 0x0000000088a00000, 0x0000000088900000| Untracked 
| 138|0x0000000088a00000, 0x0000000088b00000, 0x0000000088b00000|100%| O|  |TAMS 0x0000000088b00000, 0x0000000088a00000| Updating 
| 139|0x0000000088b00000, 0x0000000088c00000, 0x0000000088c00000|100%| O|  |TAMS 0x0000000088c00000, 0x0000000088b00000| Untracked 
| 140|0x0000000088c00000, 0x0000000088d00000, 0x0000000088d00000|100%| O|  |TAMS 0x0000000088d00000, 0x0000000088c00000| Updating 
| 141|0x0000000088d00000, 0x0000000088e00000, 0x0000000088e00000|100%| O|  |TAMS 0x0000000088e00000, 0x0000000088d00000| Untracked 
| 142|0x0000000088e00000, 0x0000000088f00000, 0x0000000088f00000|100%| O|  |TAMS 0x0000000088f00000, 0x0000000088e00000| Untracked 
| 143|0x0000000088f00000, 0x0000000089000000, 0x0000000089000000|100%| O|  |TAMS 0x0000000089000000, 0x0000000088f00000| Untracked 
| 144|0x0000000089000000, 0x0000000089100000, 0x0000000089100000|100%| O|  |TAMS 0x0000000089100000, 0x0000000089000000| Untracked 
| 145|0x0000000089100000, 0x0000000089200000, 0x0000000089200000|100%| O|  |TAMS 0x0000000089200000, 0x0000000089100000| Untracked 
| 146|0x0000000089200000, 0x0000000089300000, 0x0000000089300000|100%|HS|  |TAMS 0x0000000089300000, 0x0000000089200000| Complete 
| 147|0x0000000089300000, 0x0000000089400000, 0x0000000089400000|100%| O|  |TAMS 0x0000000089400000, 0x0000000089300000| Untracked 
| 148|0x0000000089400000, 0x0000000089500000, 0x0000000089500000|100%|HS|  |TAMS 0x0000000089500000, 0x0000000089400000| Complete 
| 149|0x0000000089500000, 0x0000000089600000, 0x0000000089600000|100%|HS|  |TAMS 0x0000000089600000, 0x0000000089500000| Complete 
| 150|0x0000000089600000, 0x0000000089700000, 0x0000000089700000|100%|HS|  |TAMS 0x0000000089700000, 0x0000000089600000| Complete 
| 151|0x0000000089700000, 0x0000000089800000, 0x0000000089800000|100%|HC|  |TAMS 0x0000000089800000, 0x0000000089700000| Complete 
| 152|0x0000000089800000, 0x0000000089900000, 0x0000000089900000|100%|HS|  |TAMS 0x0000000089900000, 0x0000000089800000| Complete 
| 153|0x0000000089900000, 0x0000000089a00000, 0x0000000089a00000|100%|HS|  |TAMS 0x0000000089a00000, 0x0000000089900000| Complete 
| 154|0x0000000089a00000, 0x0000000089b00000, 0x0000000089b00000|100%|HS|  |TAMS 0x0000000089b00000, 0x0000000089a00000| Complete 
| 155|0x0000000089b00000, 0x0000000089c00000, 0x0000000089c00000|100%| O|  |TAMS 0x0000000089c00000, 0x0000000089b00000| Untracked 
| 156|0x0000000089c00000, 0x0000000089d00000, 0x0000000089d00000|100%| O|  |TAMS 0x0000000089d00000, 0x0000000089c00000| Untracked 
| 157|0x0000000089d00000, 0x0000000089e00000, 0x0000000089e00000|100%| O|  |TAMS 0x0000000089e00000, 0x0000000089d00000| Untracked 
| 158|0x0000000089e00000, 0x0000000089f00000, 0x0000000089f00000|100%| O|  |TAMS 0x0000000089f00000, 0x0000000089e00000| Updating 
| 159|0x0000000089f00000, 0x000000008a000000, 0x000000008a000000|100%| O|  |TAMS 0x000000008a000000, 0x0000000089f00000| Untracked 
| 160|0x000000008a000000, 0x000000008a100000, 0x000000008a100000|100%| O|  |TAMS 0x000000008a100000, 0x000000008a000000| Untracked 
| 161|0x000000008a100000, 0x000000008a200000, 0x000000008a200000|100%| O|  |TAMS 0x000000008a200000, 0x000000008a100000| Untracked 
| 162|0x000000008a200000, 0x000000008a300000, 0x000000008a300000|100%| O|  |TAMS 0x000000008a300000, 0x000000008a200000| Untracked 
| 163|0x000000008a300000, 0x000000008a400000, 0x000000008a400000|100%| O|  |TAMS 0x000000008a400000, 0x000000008a300000| Untracked 
| 164|0x000000008a400000, 0x000000008a500000, 0x000000008a500000|100%| O|  |TAMS 0x000000008a500000, 0x000000008a400000| Untracked 
| 165|0x000000008a500000, 0x000000008a600000, 0x000000008a600000|100%| O|  |TAMS 0x000000008a600000, 0x000000008a500000| Updating 
| 166|0x000000008a600000, 0x000000008a700000, 0x000000008a700000|100%| O|  |TAMS 0x000000008a700000, 0x000000008a600000| Untracked 
| 167|0x000000008a700000, 0x000000008a800000, 0x000000008a800000|100%| O|  |TAMS 0x000000008a800000, 0x000000008a700000| Untracked 
| 168|0x000000008a800000, 0x000000008a900000, 0x000000008a900000|100%| O|  |TAMS 0x000000008a900000, 0x000000008a800000| Untracked 
| 169|0x000000008a900000, 0x000000008aa00000, 0x000000008aa00000|100%| O|  |TAMS 0x000000008aa00000, 0x000000008a900000| Untracked 
| 170|0x000000008aa00000, 0x000000008ab00000, 0x000000008ab00000|100%| O|  |TAMS 0x000000008ab00000, 0x000000008aa00000| Untracked 
| 171|0x000000008ab00000, 0x000000008ac00000, 0x000000008ac00000|100%| O|  |TAMS 0x000000008ac00000, 0x000000008ab00000| Untracked 
| 172|0x000000008ac00000, 0x000000008ad00000, 0x000000008ad00000|100%| O|  |TAMS 0x000000008ad00000, 0x000000008ac00000| Untracked 
| 173|0x000000008ad00000, 0x000000008ae00000, 0x000000008ae00000|100%| O|  |TAMS 0x000000008ae00000, 0x000000008ad00000| Untracked 
| 174|0x000000008ae00000, 0x000000008af00000, 0x000000008af00000|100%| O|  |TAMS 0x000000008af00000, 0x000000008ae00000| Updating 
| 175|0x000000008af00000, 0x000000008b000000, 0x000000008b000000|100%| O|  |TAMS 0x000000008b000000, 0x000000008af00000| Untracked 
| 176|0x000000008b000000, 0x000000008b100000, 0x000000008b100000|100%| O|  |TAMS 0x000000008b100000, 0x000000008b000000| Updating 
| 177|0x000000008b100000, 0x000000008b200000, 0x000000008b200000|100%| O|  |TAMS 0x000000008b200000, 0x000000008b100000| Untracked 
| 178|0x000000008b200000, 0x000000008b300000, 0x000000008b300000|100%| O|  |TAMS 0x000000008b300000, 0x000000008b200000| Untracked 
| 179|0x000000008b300000, 0x000000008b400000, 0x000000008b400000|100%|HS|  |TAMS 0x000000008b400000, 0x000000008b300000| Complete 
| 180|0x000000008b400000, 0x000000008b500000, 0x000000008b500000|100%| O|  |TAMS 0x000000008b500000, 0x000000008b400000| Untracked 
| 181|0x000000008b500000, 0x000000008b600000, 0x000000008b600000|100%| O|  |TAMS 0x000000008b600000, 0x000000008b500000| Untracked 
| 182|0x000000008b600000, 0x000000008b700000, 0x000000008b700000|100%| O|  |TAMS 0x000000008b700000, 0x000000008b600000| Untracked 
| 183|0x000000008b700000, 0x000000008b800000, 0x000000008b800000|100%| O|  |TAMS 0x000000008b800000, 0x000000008b700000| Untracked 
| 184|0x000000008b800000, 0x000000008b900000, 0x000000008b900000|100%| O|  |TAMS 0x000000008b900000, 0x000000008b800000| Untracked 
| 185|0x000000008b900000, 0x000000008ba00000, 0x000000008ba00000|100%| O|  |TAMS 0x000000008ba00000, 0x000000008b900000| Untracked 
| 186|0x000000008ba00000, 0x000000008bb00000, 0x000000008bb00000|100%| O|  |TAMS 0x000000008bb00000, 0x000000008ba00000| Updating 
| 187|0x000000008bb00000, 0x000000008bc00000, 0x000000008bc00000|100%| O|  |TAMS 0x000000008bc00000, 0x000000008bb00000| Untracked 
| 188|0x000000008bc00000, 0x000000008bd00000, 0x000000008bd00000|100%| O|  |TAMS 0x000000008bd00000, 0x000000008bc00000| Untracked 
| 189|0x000000008bd00000, 0x000000008be00000, 0x000000008be00000|100%| O|  |TAMS 0x000000008be00000, 0x000000008bd00000| Updating 
| 190|0x000000008be00000, 0x000000008bf00000, 0x000000008bf00000|100%| O|  |TAMS 0x000000008bf00000, 0x000000008be00000| Untracked 
| 191|0x000000008bf00000, 0x000000008c000000, 0x000000008c000000|100%| O|  |TAMS 0x000000008c000000, 0x000000008bf00000| Updating 
| 192|0x000000008c000000, 0x000000008c100000, 0x000000008c100000|100%| O|  |TAMS 0x000000008c100000, 0x000000008c000000| Untracked 
| 193|0x000000008c100000, 0x000000008c200000, 0x000000008c200000|100%| O|  |TAMS 0x000000008c200000, 0x000000008c100000| Untracked 
| 194|0x000000008c200000, 0x000000008c300000, 0x000000008c300000|100%| O|  |TAMS 0x000000008c300000, 0x000000008c200000| Untracked 
| 195|0x000000008c300000, 0x000000008c400000, 0x000000008c400000|100%| O|  |TAMS 0x000000008c400000, 0x000000008c300000| Updating 
| 196|0x000000008c400000, 0x000000008c500000, 0x000000008c500000|100%| O|  |TAMS 0x000000008c500000, 0x000000008c400000| Updating 
| 197|0x000000008c500000, 0x000000008c600000, 0x000000008c600000|100%| O|  |TAMS 0x000000008c600000, 0x000000008c500000| Untracked 
| 198|0x000000008c600000, 0x000000008c700000, 0x000000008c700000|100%| O|  |TAMS 0x000000008c700000, 0x000000008c600000| Untracked 
| 199|0x000000008c700000, 0x000000008c800000, 0x000000008c800000|100%| O|  |TAMS 0x000000008c800000, 0x000000008c700000| Updating 
| 200|0x000000008c800000, 0x000000008c900000, 0x000000008c900000|100%| O|  |TAMS 0x000000008c900000, 0x000000008c800000| Updating 
| 201|0x000000008c900000, 0x000000008ca00000, 0x000000008ca00000|100%| O|  |TAMS 0x000000008ca00000, 0x000000008c900000| Untracked 
| 202|0x000000008ca00000, 0x000000008cb00000, 0x000000008cb00000|100%| O|  |TAMS 0x000000008cb00000, 0x000000008ca00000| Updating 
| 203|0x000000008cb00000, 0x000000008cc00000, 0x000000008cc00000|100%| O|  |TAMS 0x000000008cc00000, 0x000000008cb00000| Updating 
| 204|0x000000008cc00000, 0x000000008cd00000, 0x000000008cd00000|100%| O|  |TAMS 0x000000008cd00000, 0x000000008cc00000| Updating 
| 205|0x000000008cd00000, 0x000000008ce00000, 0x000000008ce00000|100%| O|  |TAMS 0x000000008ce00000, 0x000000008cd00000| Updating 
| 206|0x000000008ce00000, 0x000000008cf00000, 0x000000008cf00000|100%| O|  |TAMS 0x000000008cf00000, 0x000000008ce00000| Updating 
| 207|0x000000008cf00000, 0x000000008d000000, 0x000000008d000000|100%| O|  |TAMS 0x000000008d000000, 0x000000008cf00000| Updating 
| 208|0x000000008d000000, 0x000000008d100000, 0x000000008d100000|100%| O|  |TAMS 0x000000008d100000, 0x000000008d000000| Untracked 
| 209|0x000000008d100000, 0x000000008d200000, 0x000000008d200000|100%| O|  |TAMS 0x000000008d200000, 0x000000008d100000| Updating 
| 210|0x000000008d200000, 0x000000008d300000, 0x000000008d300000|100%| O|  |TAMS 0x000000008d300000, 0x000000008d200000| Untracked 
| 211|0x000000008d300000, 0x000000008d400000, 0x000000008d400000|100%| O|  |TAMS 0x000000008d400000, 0x000000008d300000| Updating 
| 212|0x000000008d400000, 0x000000008d500000, 0x000000008d500000|100%| O|  |TAMS 0x000000008d500000, 0x000000008d400000| Updating 
| 213|0x000000008d500000, 0x000000008d600000, 0x000000008d600000|100%| O|  |TAMS 0x000000008d600000, 0x000000008d500000| Updating 
| 214|0x000000008d600000, 0x000000008d700000, 0x000000008d700000|100%| O|  |TAMS 0x000000008d700000, 0x000000008d600000| Updating 
| 215|0x000000008d700000, 0x000000008d800000, 0x000000008d800000|100%| O|  |TAMS 0x000000008d800000, 0x000000008d700000| Updating 
| 216|0x000000008d800000, 0x000000008d900000, 0x000000008d900000|100%| O|  |TAMS 0x000000008d900000, 0x000000008d800000| Untracked 
| 217|0x000000008d900000, 0x000000008da00000, 0x000000008da00000|100%| O|  |TAMS 0x000000008da00000, 0x000000008d900000| Untracked 
| 218|0x000000008da00000, 0x000000008db00000, 0x000000008db00000|100%| O|  |TAMS 0x000000008db00000, 0x000000008da00000| Untracked 
| 219|0x000000008db00000, 0x000000008dc00000, 0x000000008dc00000|100%| O|  |TAMS 0x000000008dc00000, 0x000000008db00000| Untracked 
| 220|0x000000008dc00000, 0x000000008dd00000, 0x000000008dd00000|100%| O|  |TAMS 0x000000008dd00000, 0x000000008dc00000| Updating 
| 221|0x000000008dd00000, 0x000000008de00000, 0x000000008de00000|100%| O|  |TAMS 0x000000008de00000, 0x000000008dd00000| Untracked 
| 222|0x000000008de00000, 0x000000008df00000, 0x000000008df00000|100%| O|  |TAMS 0x000000008df00000, 0x000000008de00000| Untracked 
| 223|0x000000008df00000, 0x000000008e000000, 0x000000008e000000|100%| O|  |TAMS 0x000000008e000000, 0x000000008df00000| Untracked 
| 224|0x000000008e000000, 0x000000008e100000, 0x000000008e100000|100%| O|  |TAMS 0x000000008e100000, 0x000000008e000000| Untracked 
| 225|0x000000008e100000, 0x000000008e200000, 0x000000008e200000|100%| O|  |TAMS 0x000000008e200000, 0x000000008e100000| Untracked 
| 226|0x000000008e200000, 0x000000008e300000, 0x000000008e300000|100%| O|  |TAMS 0x000000008e300000, 0x000000008e200000| Untracked 
| 227|0x000000008e300000, 0x000000008e400000, 0x000000008e400000|100%| O|  |TAMS 0x000000008e400000, 0x000000008e300000| Untracked 
| 228|0x000000008e400000, 0x000000008e500000, 0x000000008e500000|100%| O|  |TAMS 0x000000008e500000, 0x000000008e400000| Untracked 
| 229|0x000000008e500000, 0x000000008e600000, 0x000000008e600000|100%| O|  |TAMS 0x000000008e600000, 0x000000008e500000| Untracked 
| 230|0x000000008e600000, 0x000000008e700000, 0x000000008e700000|100%| O|  |TAMS 0x000000008e700000, 0x000000008e600000| Untracked 
| 231|0x000000008e700000, 0x000000008e800000, 0x000000008e800000|100%| O|  |TAMS 0x000000008e800000, 0x000000008e700000| Untracked 
| 232|0x000000008e800000, 0x000000008e900000, 0x000000008e900000|100%| O|  |TAMS 0x000000008e900000, 0x000000008e800000| Untracked 
| 233|0x000000008e900000, 0x000000008ea00000, 0x000000008ea00000|100%| O|  |TAMS 0x000000008ea00000, 0x000000008e900000| Updating 
| 234|0x000000008ea00000, 0x000000008eb00000, 0x000000008eb00000|100%| O|  |TAMS 0x000000008eb00000, 0x000000008ea00000| Updating 
| 235|0x000000008eb00000, 0x000000008ec00000, 0x000000008ec00000|100%| O|  |TAMS 0x000000008ec00000, 0x000000008eb00000| Updating 
| 236|0x000000008ec00000, 0x000000008ed00000, 0x000000008ed00000|100%| O|  |TAMS 0x000000008ed00000, 0x000000008ec00000| Untracked 
| 237|0x000000008ed00000, 0x000000008ee00000, 0x000000008ee00000|100%| O|  |TAMS 0x000000008ee00000, 0x000000008ed00000| Updating 
| 238|0x000000008ee00000, 0x000000008ef00000, 0x000000008ef00000|100%| O|  |TAMS 0x000000008ef00000, 0x000000008ee00000| Updating 
| 239|0x000000008ef00000, 0x000000008f000000, 0x000000008f000000|100%| O|  |TAMS 0x000000008f000000, 0x000000008ef00000| Updating 
| 240|0x000000008f000000, 0x000000008f100000, 0x000000008f100000|100%| O|  |TAMS 0x000000008f100000, 0x000000008f000000| Untracked 
| 241|0x000000008f100000, 0x000000008f200000, 0x000000008f200000|100%| O|  |TAMS 0x000000008f200000, 0x000000008f100000| Untracked 
| 242|0x000000008f200000, 0x000000008f300000, 0x000000008f300000|100%| O|  |TAMS 0x000000008f300000, 0x000000008f200000| Untracked 
| 243|0x000000008f300000, 0x000000008f400000, 0x000000008f400000|100%| O|  |TAMS 0x000000008f400000, 0x000000008f300000| Untracked 
| 244|0x000000008f400000, 0x000000008f500000, 0x000000008f500000|100%| O|  |TAMS 0x000000008f500000, 0x000000008f400000| Untracked 
| 245|0x000000008f500000, 0x000000008f600000, 0x000000008f600000|100%| O|  |TAMS 0x000000008f600000, 0x000000008f500000| Untracked 
| 246|0x000000008f600000, 0x000000008f600000, 0x000000008f700000|  0%| F|  |TAMS 0x000000008f600000, 0x000000008f600000| Untracked 
| 247|0x000000008f700000, 0x000000008f700000, 0x000000008f800000|  0%| F|  |TAMS 0x000000008f700000, 0x000000008f700000| Untracked 
| 248|0x000000008f800000, 0x000000008f800000, 0x000000008f900000|  0%| F|  |TAMS 0x000000008f800000, 0x000000008f800000| Untracked 
| 249|0x000000008f900000, 0x000000008f900000, 0x000000008fa00000|  0%| F|  |TAMS 0x000000008f900000, 0x000000008f900000| Untracked 
| 250|0x000000008fa00000, 0x000000008fa00000, 0x000000008fb00000|  0%| F|  |TAMS 0x000000008fa00000, 0x000000008fa00000| Untracked 
| 251|0x000000008fb00000, 0x000000008fc00000, 0x000000008fc00000|100%| O|  |TAMS 0x000000008fb00000, 0x000000008fb00000| Untracked 
| 252|0x000000008fc00000, 0x000000008fd00000, 0x000000008fd00000|100%| O|  |TAMS 0x000000008fc00000, 0x000000008fc00000| Untracked 
| 253|0x000000008fd00000, 0x000000008fe00000, 0x000000008fe00000|100%|HS|  |TAMS 0x000000008fe00000, 0x000000008fd00000| Complete 
| 254|0x000000008fe00000, 0x000000008ff00000, 0x000000008ff00000|100%|HC|  |TAMS 0x000000008ff00000, 0x000000008fe00000| Complete 
| 255|0x000000008ff00000, 0x000000008ff00000, 0x0000000090000000|  0%| F|  |TAMS 0x000000008ff00000, 0x000000008ff00000| Untracked 
| 256|0x0000000090000000, 0x0000000090000000, 0x0000000090100000|  0%| F|  |TAMS 0x0000000090000000, 0x0000000090000000| Untracked 
| 257|0x0000000090100000, 0x0000000090100000, 0x0000000090200000|  0%| F|  |TAMS 0x0000000090100000, 0x0000000090100000| Untracked 
| 258|0x0000000090200000, 0x0000000090200000, 0x0000000090300000|  0%| F|  |TAMS 0x0000000090200000, 0x0000000090200000| Untracked 
| 259|0x0000000090300000, 0x0000000090300000, 0x0000000090400000|  0%| F|  |TAMS 0x0000000090300000, 0x0000000090300000| Untracked 
| 260|0x0000000090400000, 0x0000000090400000, 0x0000000090500000|  0%| F|  |TAMS 0x0000000090400000, 0x0000000090400000| Untracked 
| 261|0x0000000090500000, 0x0000000090500000, 0x0000000090600000|  0%| F|  |TAMS 0x0000000090500000, 0x0000000090500000| Untracked 
| 262|0x0000000090600000, 0x0000000090600000, 0x0000000090700000|  0%| F|  |TAMS 0x0000000090600000, 0x0000000090600000| Untracked 
| 263|0x0000000090700000, 0x0000000090800000, 0x0000000090800000|100%| O|  |TAMS 0x0000000090800000, 0x0000000090700000| Untracked 
| 264|0x0000000090800000, 0x0000000090900000, 0x0000000090900000|100%| O|  |TAMS 0x0000000090900000, 0x0000000090800000| Untracked 
| 265|0x0000000090900000, 0x0000000090a00000, 0x0000000090a00000|100%| O|  |TAMS 0x0000000090a00000, 0x0000000090900000| Untracked 
| 266|0x0000000090a00000, 0x0000000090b00000, 0x0000000090b00000|100%| O|  |TAMS 0x0000000090b00000, 0x0000000090a00000| Untracked 
| 267|0x0000000090b00000, 0x0000000090c00000, 0x0000000090c00000|100%| O|  |TAMS 0x0000000090c00000, 0x0000000090b00000| Untracked 
| 268|0x0000000090c00000, 0x0000000090d00000, 0x0000000090d00000|100%| O|  |TAMS 0x0000000090d00000, 0x0000000090c00000| Untracked 
| 269|0x0000000090d00000, 0x0000000090e00000, 0x0000000090e00000|100%| O|  |TAMS 0x0000000090e00000, 0x0000000090d00000| Untracked 
| 270|0x0000000090e00000, 0x0000000090f00000, 0x0000000090f00000|100%| O|  |TAMS 0x0000000090f00000, 0x0000000090e00000| Untracked 
| 271|0x0000000090f00000, 0x0000000091000000, 0x0000000091000000|100%| O|  |TAMS 0x0000000091000000, 0x0000000090f00000| Untracked 
| 272|0x0000000091000000, 0x0000000091100000, 0x0000000091100000|100%| O|  |TAMS 0x0000000091100000, 0x0000000091000000| Untracked 
| 273|0x0000000091100000, 0x0000000091200000, 0x0000000091200000|100%| O|  |TAMS 0x0000000091200000, 0x0000000091100000| Untracked 
| 274|0x0000000091200000, 0x0000000091300000, 0x0000000091300000|100%| O|  |TAMS 0x0000000091300000, 0x0000000091200000| Untracked 
| 275|0x0000000091300000, 0x0000000091400000, 0x0000000091400000|100%| O|  |TAMS 0x0000000091400000, 0x0000000091300000| Untracked 
| 276|0x0000000091400000, 0x0000000091500000, 0x0000000091500000|100%| O|  |TAMS 0x0000000091500000, 0x0000000091400000| Untracked 
| 277|0x0000000091500000, 0x0000000091600000, 0x0000000091600000|100%| O|  |TAMS 0x0000000091600000, 0x0000000091500000| Untracked 
| 278|0x0000000091600000, 0x0000000091700000, 0x0000000091700000|100%| O|  |TAMS 0x0000000091700000, 0x0000000091600000| Untracked 
| 279|0x0000000091700000, 0x0000000091800000, 0x0000000091800000|100%| O|  |TAMS 0x0000000091800000, 0x0000000091700000| Untracked 
| 280|0x0000000091800000, 0x0000000091900000, 0x0000000091900000|100%| O|  |TAMS 0x0000000091900000, 0x0000000091800000| Untracked 
| 281|0x0000000091900000, 0x0000000091a00000, 0x0000000091a00000|100%| O|  |TAMS 0x0000000091a00000, 0x0000000091900000| Untracked 
| 282|0x0000000091a00000, 0x0000000091b00000, 0x0000000091b00000|100%| O|  |TAMS 0x0000000091b00000, 0x0000000091a00000| Untracked 
| 283|0x0000000091b00000, 0x0000000091c00000, 0x0000000091c00000|100%| O|  |TAMS 0x0000000091c00000, 0x0000000091b00000| Untracked 
| 284|0x0000000091c00000, 0x0000000091d00000, 0x0000000091d00000|100%| O|  |TAMS 0x0000000091d00000, 0x0000000091c00000| Untracked 
| 285|0x0000000091d00000, 0x0000000091e00000, 0x0000000091e00000|100%| O|  |TAMS 0x0000000091e00000, 0x0000000091d00000| Untracked 
| 286|0x0000000091e00000, 0x0000000091f00000, 0x0000000091f00000|100%| O|  |TAMS 0x0000000091f00000, 0x0000000091e00000| Untracked 
| 287|0x0000000091f00000, 0x0000000092000000, 0x0000000092000000|100%| O|  |TAMS 0x0000000092000000, 0x0000000091f00000| Untracked 
| 288|0x0000000092000000, 0x0000000092100000, 0x0000000092100000|100%| O|  |TAMS 0x0000000092100000, 0x0000000092000000| Untracked 
| 289|0x0000000092100000, 0x0000000092200000, 0x0000000092200000|100%| O|  |TAMS 0x0000000092200000, 0x0000000092100000| Updating 
| 290|0x0000000092200000, 0x0000000092300000, 0x0000000092300000|100%| O|  |TAMS 0x0000000092200000, 0x0000000092200000| Untracked 
| 291|0x0000000092300000, 0x0000000092400000, 0x0000000092400000|100%| O|  |TAMS 0x0000000092300000, 0x0000000092300000| Untracked 
| 292|0x0000000092400000, 0x0000000092500000, 0x0000000092500000|100%| O|  |TAMS 0x0000000092400000, 0x0000000092400000| Untracked 
| 293|0x0000000092500000, 0x0000000092600000, 0x0000000092600000|100%| O|  |TAMS 0x0000000092500000, 0x0000000092500000| Untracked 
| 294|0x0000000092600000, 0x0000000092700000, 0x0000000092700000|100%| O|  |TAMS 0x0000000092600000, 0x0000000092600000| Untracked 
| 295|0x0000000092700000, 0x0000000092800000, 0x0000000092800000|100%| O|  |TAMS 0x0000000092700000, 0x0000000092700000| Untracked 
| 296|0x0000000092800000, 0x0000000092900000, 0x0000000092900000|100%| O|  |TAMS 0x0000000092800000, 0x0000000092800000| Untracked 
| 297|0x0000000092900000, 0x0000000092a00000, 0x0000000092a00000|100%| O|  |TAMS 0x0000000092900000, 0x0000000092900000| Untracked 
| 298|0x0000000092a00000, 0x0000000092b00000, 0x0000000092b00000|100%| O|  |TAMS 0x0000000092a00000, 0x0000000092a00000| Untracked 
| 299|0x0000000092b00000, 0x0000000092c00000, 0x0000000092c00000|100%| O|  |TAMS 0x0000000092b00000, 0x0000000092b00000| Untracked 
| 300|0x0000000092c00000, 0x0000000092d00000, 0x0000000092d00000|100%| O|  |TAMS 0x0000000092c00000, 0x0000000092c00000| Untracked 
| 301|0x0000000092d00000, 0x0000000092e00000, 0x0000000092e00000|100%| O|  |TAMS 0x0000000092d00000, 0x0000000092d00000| Untracked 
| 302|0x0000000092e00000, 0x0000000092f00000, 0x0000000092f00000|100%| O|  |TAMS 0x0000000092e00000, 0x0000000092e00000| Untracked 
| 303|0x0000000092f00000, 0x0000000093000000, 0x0000000093000000|100%| O|  |TAMS 0x0000000092f00000, 0x0000000092f00000| Untracked 
| 304|0x0000000093000000, 0x0000000093100000, 0x0000000093100000|100%| O|  |TAMS 0x0000000093000000, 0x0000000093000000| Untracked 
| 305|0x0000000093100000, 0x0000000093200000, 0x0000000093200000|100%| O|  |TAMS 0x0000000093100000, 0x0000000093100000| Untracked 
| 306|0x0000000093200000, 0x0000000093300000, 0x0000000093300000|100%| O|  |TAMS 0x0000000093200000, 0x0000000093200000| Untracked 
| 307|0x0000000093300000, 0x0000000093400000, 0x0000000093400000|100%| O|  |TAMS 0x0000000093300000, 0x0000000093300000| Untracked 
| 308|0x0000000093400000, 0x0000000093400000, 0x0000000093500000|  0%| F|  |TAMS 0x0000000093400000, 0x0000000093400000| Untracked 
| 309|0x0000000093500000, 0x0000000093500000, 0x0000000093600000|  0%| F|  |TAMS 0x0000000093500000, 0x0000000093500000| Untracked 
| 310|0x0000000093600000, 0x0000000093600000, 0x0000000093700000|  0%| F|  |TAMS 0x0000000093600000, 0x0000000093600000| Untracked 
| 311|0x0000000093700000, 0x0000000093700000, 0x0000000093800000|  0%| F|  |TAMS 0x0000000093700000, 0x0000000093700000| Untracked 
| 312|0x0000000093800000, 0x0000000093800000, 0x0000000093900000|  0%| F|  |TAMS 0x0000000093800000, 0x0000000093800000| Untracked 
| 313|0x0000000093900000, 0x00000000939c0200, 0x0000000093a00000| 75%| O|  |TAMS 0x0000000093900000, 0x0000000093900000| Updating 
| 314|0x0000000093a00000, 0x0000000093a00000, 0x0000000093b00000|  0%| F|  |TAMS 0x0000000093a00000, 0x0000000093a00000| Untracked 
| 315|0x0000000093b00000, 0x0000000093b00000, 0x0000000093c00000|  0%| F|  |TAMS 0x0000000093b00000, 0x0000000093b00000| Untracked 
| 316|0x0000000093c00000, 0x0000000093c00000, 0x0000000093d00000|  0%| F|  |TAMS 0x0000000093c00000, 0x0000000093c00000| Untracked 
| 317|0x0000000093d00000, 0x0000000093d00000, 0x0000000093e00000|  0%| F|  |TAMS 0x0000000093d00000, 0x0000000093d00000| Untracked 
| 318|0x0000000093e00000, 0x0000000093e00000, 0x0000000093f00000|  0%| F|  |TAMS 0x0000000093e00000, 0x0000000093e00000| Untracked 
| 319|0x0000000093f00000, 0x0000000093f00000, 0x0000000094000000|  0%| F|  |TAMS 0x0000000093f00000, 0x0000000093f00000| Untracked 
| 320|0x0000000094000000, 0x0000000094000000, 0x0000000094100000|  0%| F|  |TAMS 0x0000000094000000, 0x0000000094000000| Untracked 
| 321|0x0000000094100000, 0x0000000094100000, 0x0000000094200000|  0%| F|  |TAMS 0x0000000094100000, 0x0000000094100000| Untracked 
| 322|0x0000000094200000, 0x0000000094200000, 0x0000000094300000|  0%| F|  |TAMS 0x0000000094200000, 0x0000000094200000| Untracked 
| 323|0x0000000094300000, 0x0000000094300000, 0x0000000094400000|  0%| F|  |TAMS 0x0000000094300000, 0x0000000094300000| Untracked 
| 324|0x0000000094400000, 0x0000000094400000, 0x0000000094500000|  0%| F|  |TAMS 0x0000000094400000, 0x0000000094400000| Untracked 
| 325|0x0000000094500000, 0x0000000094500000, 0x0000000094600000|  0%| F|  |TAMS 0x0000000094500000, 0x0000000094500000| Untracked 
| 326|0x0000000094600000, 0x0000000094600000, 0x0000000094700000|  0%| F|  |TAMS 0x0000000094600000, 0x0000000094600000| Untracked 
| 327|0x0000000094700000, 0x0000000094700000, 0x0000000094800000|  0%| F|  |TAMS 0x0000000094700000, 0x0000000094700000| Untracked 
| 328|0x0000000094800000, 0x0000000094800000, 0x0000000094900000|  0%| F|  |TAMS 0x0000000094800000, 0x0000000094800000| Untracked 
| 329|0x0000000094900000, 0x0000000094900000, 0x0000000094a00000|  0%| F|  |TAMS 0x0000000094900000, 0x0000000094900000| Untracked 
| 330|0x0000000094a00000, 0x0000000094a00000, 0x0000000094b00000|  0%| F|  |TAMS 0x0000000094a00000, 0x0000000094a00000| Untracked 
| 331|0x0000000094b00000, 0x0000000094b00000, 0x0000000094c00000|  0%| F|  |TAMS 0x0000000094b00000, 0x0000000094b00000| Untracked 
| 332|0x0000000094c00000, 0x0000000094c00000, 0x0000000094d00000|  0%| F|  |TAMS 0x0000000094c00000, 0x0000000094c00000| Untracked 
| 333|0x0000000094d00000, 0x0000000094d00000, 0x0000000094e00000|  0%| F|  |TAMS 0x0000000094d00000, 0x0000000094d00000| Untracked 
| 334|0x0000000094e00000, 0x0000000094e00000, 0x0000000094f00000|  0%| F|  |TAMS 0x0000000094e00000, 0x0000000094e00000| Untracked 
| 335|0x0000000094f00000, 0x0000000094f00000, 0x0000000095000000|  0%| F|  |TAMS 0x0000000094f00000, 0x0000000094f00000| Untracked 
| 336|0x0000000095000000, 0x0000000095000000, 0x0000000095100000|  0%| F|  |TAMS 0x0000000095000000, 0x0000000095000000| Untracked 
| 337|0x0000000095100000, 0x0000000095100000, 0x0000000095200000|  0%| F|  |TAMS 0x0000000095100000, 0x0000000095100000| Untracked 
| 338|0x0000000095200000, 0x0000000095200000, 0x0000000095300000|  0%| F|  |TAMS 0x0000000095200000, 0x0000000095200000| Untracked 
| 339|0x0000000095300000, 0x0000000095300000, 0x0000000095400000|  0%| F|  |TAMS 0x0000000095300000, 0x0000000095300000| Untracked 
| 340|0x0000000095400000, 0x0000000095400000, 0x0000000095500000|  0%| F|  |TAMS 0x0000000095400000, 0x0000000095400000| Untracked 
| 341|0x0000000095500000, 0x0000000095500000, 0x0000000095600000|  0%| F|  |TAMS 0x0000000095500000, 0x0000000095500000| Untracked 
| 342|0x0000000095600000, 0x0000000095600000, 0x0000000095700000|  0%| F|  |TAMS 0x0000000095600000, 0x0000000095600000| Untracked 
| 343|0x0000000095700000, 0x0000000095700000, 0x0000000095800000|  0%| F|  |TAMS 0x0000000095700000, 0x0000000095700000| Untracked 
| 344|0x0000000095800000, 0x0000000095800000, 0x0000000095900000|  0%| F|  |TAMS 0x0000000095800000, 0x0000000095800000| Untracked 
| 345|0x0000000095900000, 0x0000000095900000, 0x0000000095a00000|  0%| F|  |TAMS 0x0000000095900000, 0x0000000095900000| Untracked 
| 346|0x0000000095a00000, 0x0000000095a00000, 0x0000000095b00000|  0%| F|  |TAMS 0x0000000095a00000, 0x0000000095a00000| Untracked 
| 347|0x0000000095b00000, 0x0000000095b00000, 0x0000000095c00000|  0%| F|  |TAMS 0x0000000095b00000, 0x0000000095b00000| Untracked 
| 348|0x0000000095c00000, 0x0000000095c00000, 0x0000000095d00000|  0%| F|  |TAMS 0x0000000095c00000, 0x0000000095c00000| Untracked 
| 349|0x0000000095d00000, 0x0000000095d00000, 0x0000000095e00000|  0%| F|  |TAMS 0x0000000095d00000, 0x0000000095d00000| Untracked 
| 350|0x0000000095e00000, 0x0000000095e00000, 0x0000000095f00000|  0%| F|  |TAMS 0x0000000095e00000, 0x0000000095e00000| Untracked 
| 351|0x0000000095f00000, 0x0000000095f00000, 0x0000000096000000|  0%| F|  |TAMS 0x0000000095f00000, 0x0000000095f00000| Untracked 
| 352|0x0000000096000000, 0x0000000096000000, 0x0000000096100000|  0%| F|  |TAMS 0x0000000096000000, 0x0000000096000000| Untracked 
| 353|0x0000000096100000, 0x0000000096100000, 0x0000000096200000|  0%| F|  |TAMS 0x0000000096100000, 0x0000000096100000| Untracked 
| 354|0x0000000096200000, 0x0000000096200000, 0x0000000096300000|  0%| F|  |TAMS 0x0000000096200000, 0x0000000096200000| Untracked 
| 355|0x0000000096300000, 0x0000000096300000, 0x0000000096400000|  0%| F|  |TAMS 0x0000000096300000, 0x0000000096300000| Untracked 
| 356|0x0000000096400000, 0x0000000096400000, 0x0000000096500000|  0%| F|  |TAMS 0x0000000096400000, 0x0000000096400000| Untracked 
| 357|0x0000000096500000, 0x0000000096500000, 0x0000000096600000|  0%| F|  |TAMS 0x0000000096500000, 0x0000000096500000| Untracked 
| 358|0x0000000096600000, 0x0000000096600000, 0x0000000096700000|  0%| F|  |TAMS 0x0000000096600000, 0x0000000096600000| Untracked 
| 359|0x0000000096700000, 0x0000000096700000, 0x0000000096800000|  0%| F|  |TAMS 0x0000000096700000, 0x0000000096700000| Untracked 
| 360|0x0000000096800000, 0x0000000096800000, 0x0000000096900000|  0%| F|  |TAMS 0x0000000096800000, 0x0000000096800000| Untracked 
| 361|0x0000000096900000, 0x0000000096900000, 0x0000000096a00000|  0%| F|  |TAMS 0x0000000096900000, 0x0000000096900000| Untracked 
| 362|0x0000000096a00000, 0x0000000096a00000, 0x0000000096b00000|  0%| F|  |TAMS 0x0000000096a00000, 0x0000000096a00000| Untracked 
| 363|0x0000000096b00000, 0x0000000096b00000, 0x0000000096c00000|  0%| F|  |TAMS 0x0000000096b00000, 0x0000000096b00000| Untracked 
| 364|0x0000000096c00000, 0x0000000096c00000, 0x0000000096d00000|  0%| F|  |TAMS 0x0000000096c00000, 0x0000000096c00000| Untracked 
| 365|0x0000000096d00000, 0x0000000096d00000, 0x0000000096e00000|  0%| F|  |TAMS 0x0000000096d00000, 0x0000000096d00000| Untracked 
| 366|0x0000000096e00000, 0x0000000096e00000, 0x0000000096f00000|  0%| F|  |TAMS 0x0000000096e00000, 0x0000000096e00000| Untracked 
| 367|0x0000000096f00000, 0x0000000096f00000, 0x0000000097000000|  0%| F|  |TAMS 0x0000000096f00000, 0x0000000096f00000| Untracked 
| 368|0x0000000097000000, 0x0000000097000000, 0x0000000097100000|  0%| F|  |TAMS 0x0000000097000000, 0x0000000097000000| Untracked 
| 369|0x0000000097100000, 0x0000000097100000, 0x0000000097200000|  0%| F|  |TAMS 0x0000000097100000, 0x0000000097100000| Untracked 
| 370|0x0000000097200000, 0x0000000097200000, 0x0000000097300000|  0%| F|  |TAMS 0x0000000097200000, 0x0000000097200000| Untracked 
| 371|0x0000000097300000, 0x0000000097300000, 0x0000000097400000|  0%| F|  |TAMS 0x0000000097300000, 0x0000000097300000| Untracked 
| 372|0x0000000097400000, 0x0000000097400000, 0x0000000097500000|  0%| F|  |TAMS 0x0000000097400000, 0x0000000097400000| Untracked 
| 373|0x0000000097500000, 0x0000000097500000, 0x0000000097600000|  0%| F|  |TAMS 0x0000000097500000, 0x0000000097500000| Untracked 
| 374|0x0000000097600000, 0x0000000097600000, 0x0000000097700000|  0%| F|  |TAMS 0x0000000097600000, 0x0000000097600000| Untracked 
| 375|0x0000000097700000, 0x0000000097700000, 0x0000000097800000|  0%| F|  |TAMS 0x0000000097700000, 0x0000000097700000| Untracked 
| 376|0x0000000097800000, 0x0000000097800000, 0x0000000097900000|  0%| F|  |TAMS 0x0000000097800000, 0x0000000097800000| Untracked 
| 377|0x0000000097900000, 0x0000000097900000, 0x0000000097a00000|  0%| F|  |TAMS 0x0000000097900000, 0x0000000097900000| Untracked 
| 378|0x0000000097a00000, 0x0000000097b00000, 0x0000000097b00000|100%| S|CS|TAMS 0x0000000097a00000, 0x0000000097a00000| Complete 
| 379|0x0000000097b00000, 0x0000000097c00000, 0x0000000097c00000|100%| S|CS|TAMS 0x0000000097b00000, 0x0000000097b00000| Complete 
| 380|0x0000000097c00000, 0x0000000097d00000, 0x0000000097d00000|100%| S|CS|TAMS 0x0000000097c00000, 0x0000000097c00000| Complete 
| 381|0x0000000097d00000, 0x0000000097e00000, 0x0000000097e00000|100%| S|CS|TAMS 0x0000000097d00000, 0x0000000097d00000| Complete 
| 382|0x0000000097e00000, 0x0000000097f00000, 0x0000000097f00000|100%| S|CS|TAMS 0x0000000097e00000, 0x0000000097e00000| Complete 
| 383|0x0000000097f00000, 0x0000000097f00000, 0x0000000098000000|  0%| F|  |TAMS 0x0000000097f00000, 0x0000000097f00000| Untracked 
| 384|0x0000000098000000, 0x0000000098000000, 0x0000000098100000|  0%| F|  |TAMS 0x0000000098000000, 0x0000000098000000| Untracked 
| 385|0x0000000098100000, 0x0000000098100000, 0x0000000098200000|  0%| F|  |TAMS 0x0000000098100000, 0x0000000098100000| Untracked 
| 386|0x0000000098200000, 0x0000000098200000, 0x0000000098300000|  0%| F|  |TAMS 0x0000000098200000, 0x0000000098200000| Untracked 
| 387|0x0000000098300000, 0x0000000098300000, 0x0000000098400000|  0%| F|  |TAMS 0x0000000098300000, 0x0000000098300000| Untracked 
| 388|0x0000000098400000, 0x0000000098400000, 0x0000000098500000|  0%| F|  |TAMS 0x0000000098400000, 0x0000000098400000| Untracked 
| 389|0x0000000098500000, 0x0000000098500000, 0x0000000098600000|  0%| F|  |TAMS 0x0000000098500000, 0x0000000098500000| Untracked 
| 390|0x0000000098600000, 0x0000000098600000, 0x0000000098700000|  0%| F|  |TAMS 0x0000000098600000, 0x0000000098600000| Untracked 
| 391|0x0000000098700000, 0x0000000098700000, 0x0000000098800000|  0%| F|  |TAMS 0x0000000098700000, 0x0000000098700000| Untracked 
| 392|0x0000000098800000, 0x0000000098800000, 0x0000000098900000|  0%| F|  |TAMS 0x0000000098800000, 0x0000000098800000| Untracked 
| 393|0x0000000098900000, 0x0000000098900000, 0x0000000098a00000|  0%| F|  |TAMS 0x0000000098900000, 0x0000000098900000| Untracked 
| 394|0x0000000098a00000, 0x0000000098a00000, 0x0000000098b00000|  0%| F|  |TAMS 0x0000000098a00000, 0x0000000098a00000| Untracked 
| 395|0x0000000098b00000, 0x0000000098b00000, 0x0000000098c00000|  0%| F|  |TAMS 0x0000000098b00000, 0x0000000098b00000| Untracked 
| 396|0x0000000098c00000, 0x0000000098d00000, 0x0000000098d00000|100%| E|  |TAMS 0x0000000098c00000, 0x0000000098c00000| Complete 
| 397|0x0000000098d00000, 0x0000000098e00000, 0x0000000098e00000|100%| E|CS|TAMS 0x0000000098d00000, 0x0000000098d00000| Complete 
| 398|0x0000000098e00000, 0x0000000098f00000, 0x0000000098f00000|100%| E|CS|TAMS 0x0000000098e00000, 0x0000000098e00000| Complete 
| 399|0x0000000098f00000, 0x0000000099000000, 0x0000000099000000|100%| E|CS|TAMS 0x0000000098f00000, 0x0000000098f00000| Complete 
| 400|0x0000000099000000, 0x0000000099100000, 0x0000000099100000|100%| E|CS|TAMS 0x0000000099000000, 0x0000000099000000| Complete 
| 401|0x0000000099100000, 0x0000000099200000, 0x0000000099200000|100%| E|CS|TAMS 0x0000000099100000, 0x0000000099100000| Complete 
| 402|0x0000000099200000, 0x0000000099300000, 0x0000000099300000|100%| E|CS|TAMS 0x0000000099200000, 0x0000000099200000| Complete 
| 403|0x0000000099300000, 0x0000000099400000, 0x0000000099400000|100%| E|CS|TAMS 0x0000000099300000, 0x0000000099300000| Complete 
| 404|0x0000000099400000, 0x0000000099500000, 0x0000000099500000|100%| E|CS|TAMS 0x0000000099400000, 0x0000000099400000| Complete 
| 405|0x0000000099500000, 0x0000000099600000, 0x0000000099600000|100%| E|CS|TAMS 0x0000000099500000, 0x0000000099500000| Complete 
| 406|0x0000000099600000, 0x0000000099700000, 0x0000000099700000|100%| E|CS|TAMS 0x0000000099600000, 0x0000000099600000| Complete 
| 407|0x0000000099700000, 0x0000000099800000, 0x0000000099800000|100%| E|CS|TAMS 0x0000000099700000, 0x0000000099700000| Complete 
| 408|0x0000000099800000, 0x0000000099900000, 0x0000000099900000|100%| E|CS|TAMS 0x0000000099800000, 0x0000000099800000| Complete 
| 409|0x0000000099900000, 0x0000000099a00000, 0x0000000099a00000|100%| E|CS|TAMS 0x0000000099900000, 0x0000000099900000| Complete 
| 410|0x0000000099a00000, 0x0000000099b00000, 0x0000000099b00000|100%| E|CS|TAMS 0x0000000099a00000, 0x0000000099a00000| Complete 
| 411|0x0000000099b00000, 0x0000000099c00000, 0x0000000099c00000|100%| E|CS|TAMS 0x0000000099b00000, 0x0000000099b00000| Complete 
| 412|0x0000000099c00000, 0x0000000099d00000, 0x0000000099d00000|100%| E|CS|TAMS 0x0000000099c00000, 0x0000000099c00000| Complete 
| 413|0x0000000099d00000, 0x0000000099e00000, 0x0000000099e00000|100%| E|CS|TAMS 0x0000000099d00000, 0x0000000099d00000| Complete 
| 414|0x0000000099e00000, 0x0000000099f00000, 0x0000000099f00000|100%| E|CS|TAMS 0x0000000099e00000, 0x0000000099e00000| Complete 
| 415|0x0000000099f00000, 0x000000009a000000, 0x000000009a000000|100%| E|CS|TAMS 0x0000000099f00000, 0x0000000099f00000| Complete 
| 416|0x000000009a000000, 0x000000009a100000, 0x000000009a100000|100%| E|CS|TAMS 0x000000009a000000, 0x000000009a000000| Complete 
| 417|0x000000009a100000, 0x000000009a200000, 0x000000009a200000|100%| E|CS|TAMS 0x000000009a100000, 0x000000009a100000| Complete 
| 418|0x000000009a200000, 0x000000009a300000, 0x000000009a300000|100%| E|CS|TAMS 0x000000009a200000, 0x000000009a200000| Complete 
| 419|0x000000009a300000, 0x000000009a400000, 0x000000009a400000|100%| E|CS|TAMS 0x000000009a300000, 0x000000009a300000| Complete 
| 420|0x000000009a400000, 0x000000009a400000, 0x000000009a500000|  0%| F|  |TAMS 0x000000009a400000, 0x000000009a400000| Untracked 
| 421|0x000000009a500000, 0x000000009a500000, 0x000000009a600000|  0%| F|  |TAMS 0x000000009a500000, 0x000000009a500000| Untracked 
| 422|0x000000009a600000, 0x000000009a600000, 0x000000009a700000|  0%| F|  |TAMS 0x000000009a600000, 0x000000009a600000| Untracked 
| 423|0x000000009a700000, 0x000000009a700000, 0x000000009a800000|  0%| F|  |TAMS 0x000000009a700000, 0x000000009a700000| Untracked 
| 424|0x000000009a800000, 0x000000009a800000, 0x000000009a900000|  0%| F|  |TAMS 0x000000009a800000, 0x000000009a800000| Untracked 
| 425|0x000000009a900000, 0x000000009a900000, 0x000000009aa00000|  0%| F|  |TAMS 0x000000009a900000, 0x000000009a900000| Untracked 
| 426|0x000000009aa00000, 0x000000009aa00000, 0x000000009ab00000|  0%| F|  |TAMS 0x000000009aa00000, 0x000000009aa00000| Untracked 
| 427|0x000000009ab00000, 0x000000009ab00000, 0x000000009ac00000|  0%| F|  |TAMS 0x000000009ab00000, 0x000000009ab00000| Untracked 
| 428|0x000000009ac00000, 0x000000009ac00000, 0x000000009ad00000|  0%| F|  |TAMS 0x000000009ac00000, 0x000000009ac00000| Untracked 
| 429|0x000000009ad00000, 0x000000009ad00000, 0x000000009ae00000|  0%| F|  |TAMS 0x000000009ad00000, 0x000000009ad00000| Untracked 
| 430|0x000000009ae00000, 0x000000009ae00000, 0x000000009af00000|  0%| F|  |TAMS 0x000000009ae00000, 0x000000009ae00000| Untracked 
| 431|0x000000009af00000, 0x000000009af00000, 0x000000009b000000|  0%| F|  |TAMS 0x000000009af00000, 0x000000009af00000| Untracked 
| 432|0x000000009b000000, 0x000000009b000000, 0x000000009b100000|  0%| F|  |TAMS 0x000000009b000000, 0x000000009b000000| Untracked 
| 433|0x000000009b100000, 0x000000009b100000, 0x000000009b200000|  0%| F|  |TAMS 0x000000009b100000, 0x000000009b100000| Untracked 
| 434|0x000000009b200000, 0x000000009b200000, 0x000000009b300000|  0%| F|  |TAMS 0x000000009b200000, 0x000000009b200000| Untracked 
| 435|0x000000009b300000, 0x000000009b300000, 0x000000009b400000|  0%| F|  |TAMS 0x000000009b300000, 0x000000009b300000| Untracked 
| 436|0x000000009b400000, 0x000000009b400000, 0x000000009b500000|  0%| F|  |TAMS 0x000000009b400000, 0x000000009b400000| Untracked 
| 437|0x000000009b500000, 0x000000009b500000, 0x000000009b600000|  0%| F|  |TAMS 0x000000009b500000, 0x000000009b500000| Untracked 
| 438|0x000000009b600000, 0x000000009b600000, 0x000000009b700000|  0%| F|  |TAMS 0x000000009b600000, 0x000000009b600000| Untracked 
| 439|0x000000009b700000, 0x000000009b700000, 0x000000009b800000|  0%| F|  |TAMS 0x000000009b700000, 0x000000009b700000| Untracked 
| 440|0x000000009b800000, 0x000000009b800000, 0x000000009b900000|  0%| F|  |TAMS 0x000000009b800000, 0x000000009b800000| Untracked 
| 441|0x000000009b900000, 0x000000009b900000, 0x000000009ba00000|  0%| F|  |TAMS 0x000000009b900000, 0x000000009b900000| Untracked 
| 442|0x000000009ba00000, 0x000000009ba00000, 0x000000009bb00000|  0%| F|  |TAMS 0x000000009ba00000, 0x000000009ba00000| Untracked 
| 443|0x000000009bb00000, 0x000000009bb00000, 0x000000009bc00000|  0%| F|  |TAMS 0x000000009bb00000, 0x000000009bb00000| Untracked 
| 444|0x000000009bc00000, 0x000000009bc00000, 0x000000009bd00000|  0%| F|  |TAMS 0x000000009bc00000, 0x000000009bc00000| Untracked 
| 445|0x000000009bd00000, 0x000000009bd00000, 0x000000009be00000|  0%| F|  |TAMS 0x000000009bd00000, 0x000000009bd00000| Untracked 
| 446|0x000000009be00000, 0x000000009be00000, 0x000000009bf00000|  0%| F|  |TAMS 0x000000009be00000, 0x000000009be00000| Untracked 
| 447|0x000000009bf00000, 0x000000009bf00000, 0x000000009c000000|  0%| F|  |TAMS 0x000000009bf00000, 0x000000009bf00000| Untracked 
| 448|0x000000009c000000, 0x000000009c000000, 0x000000009c100000|  0%| F|  |TAMS 0x000000009c000000, 0x000000009c000000| Untracked 
| 449|0x000000009c100000, 0x000000009c100000, 0x000000009c200000|  0%| F|  |TAMS 0x000000009c100000, 0x000000009c100000| Untracked 
| 450|0x000000009c200000, 0x000000009c200000, 0x000000009c300000|  0%| F|  |TAMS 0x000000009c200000, 0x000000009c200000| Untracked 
| 451|0x000000009c300000, 0x000000009c300000, 0x000000009c400000|  0%| F|  |TAMS 0x000000009c300000, 0x000000009c300000| Untracked 
| 452|0x000000009c400000, 0x000000009c400000, 0x000000009c500000|  0%| F|  |TAMS 0x000000009c400000, 0x000000009c400000| Untracked 
| 453|0x000000009c500000, 0x000000009c500000, 0x000000009c600000|  0%| F|  |TAMS 0x000000009c500000, 0x000000009c500000| Untracked 
| 454|0x000000009c600000, 0x000000009c600000, 0x000000009c700000|  0%| F|  |TAMS 0x000000009c600000, 0x000000009c600000| Untracked 
| 455|0x000000009c700000, 0x000000009c700000, 0x000000009c800000|  0%| F|  |TAMS 0x000000009c700000, 0x000000009c700000| Untracked 
| 456|0x000000009c800000, 0x000000009c800000, 0x000000009c900000|  0%| F|  |TAMS 0x000000009c800000, 0x000000009c800000| Untracked 
| 457|0x000000009c900000, 0x000000009c900000, 0x000000009ca00000|  0%| F|  |TAMS 0x000000009c900000, 0x000000009c900000| Untracked 
| 458|0x000000009ca00000, 0x000000009ca00000, 0x000000009cb00000|  0%| F|  |TAMS 0x000000009ca00000, 0x000000009ca00000| Untracked 
| 459|0x000000009cb00000, 0x000000009cb00000, 0x000000009cc00000|  0%| F|  |TAMS 0x000000009cb00000, 0x000000009cb00000| Untracked 
| 460|0x000000009cc00000, 0x000000009cc00000, 0x000000009cd00000|  0%| F|  |TAMS 0x000000009cc00000, 0x000000009cc00000| Untracked 
| 461|0x000000009cd00000, 0x000000009cd00000, 0x000000009ce00000|  0%| F|  |TAMS 0x000000009cd00000, 0x000000009cd00000| Untracked 
| 462|0x000000009ce00000, 0x000000009ce00000, 0x000000009cf00000|  0%| F|  |TAMS 0x000000009ce00000, 0x000000009ce00000| Untracked 
| 463|0x000000009cf00000, 0x000000009cf00000, 0x000000009d000000|  0%| F|  |TAMS 0x000000009cf00000, 0x000000009cf00000| Untracked 
| 464|0x000000009d000000, 0x000000009d000000, 0x000000009d100000|  0%| F|  |TAMS 0x000000009d000000, 0x000000009d000000| Untracked 
| 465|0x000000009d100000, 0x000000009d100000, 0x000000009d200000|  0%| F|  |TAMS 0x000000009d100000, 0x000000009d100000| Untracked 
| 466|0x000000009d200000, 0x000000009d200000, 0x000000009d300000|  0%| F|  |TAMS 0x000000009d200000, 0x000000009d200000| Untracked 
| 467|0x000000009d300000, 0x000000009d300000, 0x000000009d400000|  0%| F|  |TAMS 0x000000009d300000, 0x000000009d300000| Untracked 
| 468|0x000000009d400000, 0x000000009d400000, 0x000000009d500000|  0%| F|  |TAMS 0x000000009d400000, 0x000000009d400000| Untracked 
| 469|0x000000009d500000, 0x000000009d500000, 0x000000009d600000|  0%| F|  |TAMS 0x000000009d500000, 0x000000009d500000| Untracked 
| 470|0x000000009d600000, 0x000000009d600000, 0x000000009d700000|  0%| F|  |TAMS 0x000000009d600000, 0x000000009d600000| Untracked 
| 471|0x000000009d700000, 0x000000009d700000, 0x000000009d800000|  0%| F|  |TAMS 0x000000009d700000, 0x000000009d700000| Untracked 
| 472|0x000000009d800000, 0x000000009d800000, 0x000000009d900000|  0%| F|  |TAMS 0x000000009d800000, 0x000000009d800000| Untracked 
| 473|0x000000009d900000, 0x000000009d900000, 0x000000009da00000|  0%| F|  |TAMS 0x000000009d900000, 0x000000009d900000| Untracked 
| 474|0x000000009da00000, 0x000000009da00000, 0x000000009db00000|  0%| F|  |TAMS 0x000000009da00000, 0x000000009da00000| Untracked 
| 475|0x000000009db00000, 0x000000009db00000, 0x000000009dc00000|  0%| F|  |TAMS 0x000000009db00000, 0x000000009db00000| Untracked 
| 476|0x000000009dc00000, 0x000000009dc00000, 0x000000009dd00000|  0%| F|  |TAMS 0x000000009dc00000, 0x000000009dc00000| Untracked 
| 477|0x000000009dd00000, 0x000000009dd00000, 0x000000009de00000|  0%| F|  |TAMS 0x000000009dd00000, 0x000000009dd00000| Untracked 
| 478|0x000000009de00000, 0x000000009de00000, 0x000000009df00000|  0%| F|  |TAMS 0x000000009de00000, 0x000000009de00000| Untracked 
| 479|0x000000009df00000, 0x000000009df00000, 0x000000009e000000|  0%| F|  |TAMS 0x000000009df00000, 0x000000009df00000| Untracked 
| 480|0x000000009e000000, 0x000000009e000000, 0x000000009e100000|  0%| F|  |TAMS 0x000000009e000000, 0x000000009e000000| Untracked 
| 481|0x000000009e100000, 0x000000009e100000, 0x000000009e200000|  0%| F|  |TAMS 0x000000009e100000, 0x000000009e100000| Untracked 
| 482|0x000000009e200000, 0x000000009e200000, 0x000000009e300000|  0%| F|  |TAMS 0x000000009e200000, 0x000000009e200000| Untracked 
| 483|0x000000009e300000, 0x000000009e300000, 0x000000009e400000|  0%| F|  |TAMS 0x000000009e300000, 0x000000009e300000| Untracked 
| 484|0x000000009e400000, 0x000000009e400000, 0x000000009e500000|  0%| F|  |TAMS 0x000000009e400000, 0x000000009e400000| Untracked 
| 485|0x000000009e500000, 0x000000009e500000, 0x000000009e600000|  0%| F|  |TAMS 0x000000009e500000, 0x000000009e500000| Untracked 
| 486|0x000000009e600000, 0x000000009e600000, 0x000000009e700000|  0%| F|  |TAMS 0x000000009e600000, 0x000000009e600000| Untracked 
| 487|0x000000009e700000, 0x000000009e700000, 0x000000009e800000|  0%| F|  |TAMS 0x000000009e700000, 0x000000009e700000| Untracked 
| 488|0x000000009e800000, 0x000000009e800000, 0x000000009e900000|  0%| F|  |TAMS 0x000000009e800000, 0x000000009e800000| Untracked 
| 489|0x000000009e900000, 0x000000009e900000, 0x000000009ea00000|  0%| F|  |TAMS 0x000000009e900000, 0x000000009e900000| Untracked 
| 490|0x000000009ea00000, 0x000000009ea00000, 0x000000009eb00000|  0%| F|  |TAMS 0x000000009ea00000, 0x000000009ea00000| Untracked 
| 491|0x000000009eb00000, 0x000000009eb00000, 0x000000009ec00000|  0%| F|  |TAMS 0x000000009eb00000, 0x000000009eb00000| Untracked 
| 492|0x000000009ec00000, 0x000000009ec00000, 0x000000009ed00000|  0%| F|  |TAMS 0x000000009ec00000, 0x000000009ec00000| Untracked 
| 493|0x000000009ed00000, 0x000000009ed00000, 0x000000009ee00000|  0%| F|  |TAMS 0x000000009ed00000, 0x000000009ed00000| Untracked 
| 494|0x000000009ee00000, 0x000000009ee00000, 0x000000009ef00000|  0%| F|  |TAMS 0x000000009ee00000, 0x000000009ee00000| Untracked 
| 495|0x000000009ef00000, 0x000000009ef00000, 0x000000009f000000|  0%| F|  |TAMS 0x000000009ef00000, 0x000000009ef00000| Untracked 
| 496|0x000000009f000000, 0x000000009f000000, 0x000000009f100000|  0%| F|  |TAMS 0x000000009f000000, 0x000000009f000000| Untracked 
| 497|0x000000009f100000, 0x000000009f100000, 0x000000009f200000|  0%| F|  |TAMS 0x000000009f100000, 0x000000009f100000| Untracked 
| 498|0x000000009f200000, 0x000000009f200000, 0x000000009f300000|  0%| F|  |TAMS 0x000000009f200000, 0x000000009f200000| Untracked 
| 499|0x000000009f300000, 0x000000009f300000, 0x000000009f400000|  0%| F|  |TAMS 0x000000009f300000, 0x000000009f300000| Untracked 
| 500|0x000000009f400000, 0x000000009f400000, 0x000000009f500000|  0%| F|  |TAMS 0x000000009f400000, 0x000000009f400000| Untracked 
| 501|0x000000009f500000, 0x000000009f500000, 0x000000009f600000|  0%| F|  |TAMS 0x000000009f500000, 0x000000009f500000| Untracked 
| 502|0x000000009f600000, 0x000000009f600000, 0x000000009f700000|  0%| F|  |TAMS 0x000000009f600000, 0x000000009f600000| Untracked 
| 503|0x000000009f700000, 0x000000009f700000, 0x000000009f800000|  0%| F|  |TAMS 0x000000009f700000, 0x000000009f700000| Untracked 
| 504|0x000000009f800000, 0x000000009f800000, 0x000000009f900000|  0%| F|  |TAMS 0x000000009f800000, 0x000000009f800000| Untracked 
| 505|0x000000009f900000, 0x000000009f900000, 0x000000009fa00000|  0%| F|  |TAMS 0x000000009f900000, 0x000000009f900000| Untracked 
| 506|0x000000009fa00000, 0x000000009fa00000, 0x000000009fb00000|  0%| F|  |TAMS 0x000000009fa00000, 0x000000009fa00000| Untracked 
| 507|0x000000009fb00000, 0x000000009fb00000, 0x000000009fc00000|  0%| F|  |TAMS 0x000000009fb00000, 0x000000009fb00000| Untracked 
| 508|0x000000009fc00000, 0x000000009fc00000, 0x000000009fd00000|  0%| F|  |TAMS 0x000000009fc00000, 0x000000009fc00000| Untracked 
| 509|0x000000009fd00000, 0x000000009fd00000, 0x000000009fe00000|  0%| F|  |TAMS 0x000000009fd00000, 0x000000009fd00000| Untracked 
| 510|0x000000009fe00000, 0x000000009fe00000, 0x000000009ff00000|  0%| F|  |TAMS 0x000000009fe00000, 0x000000009fe00000| Untracked 
| 511|0x000000009ff00000, 0x000000009ff00000, 0x00000000a0000000|  0%| F|  |TAMS 0x000000009ff00000, 0x000000009ff00000| Untracked 
| 512|0x00000000a0000000, 0x00000000a0000000, 0x00000000a0100000|  0%| F|  |TAMS 0x00000000a0000000, 0x00000000a0000000| Untracked 
| 513|0x00000000a0100000, 0x00000000a0100000, 0x00000000a0200000|  0%| F|  |TAMS 0x00000000a0100000, 0x00000000a0100000| Untracked 
| 514|0x00000000a0200000, 0x00000000a0200000, 0x00000000a0300000|  0%| F|  |TAMS 0x00000000a0200000, 0x00000000a0200000| Untracked 
| 515|0x00000000a0300000, 0x00000000a0300000, 0x00000000a0400000|  0%| F|  |TAMS 0x00000000a0300000, 0x00000000a0300000| Untracked 
| 516|0x00000000a0400000, 0x00000000a0400000, 0x00000000a0500000|  0%| F|  |TAMS 0x00000000a0400000, 0x00000000a0400000| Untracked 
| 517|0x00000000a0500000, 0x00000000a0500000, 0x00000000a0600000|  0%| F|  |TAMS 0x00000000a0500000, 0x00000000a0500000| Untracked 
| 518|0x00000000a0600000, 0x00000000a0600000, 0x00000000a0700000|  0%| F|  |TAMS 0x00000000a0600000, 0x00000000a0600000| Untracked 
| 519|0x00000000a0700000, 0x00000000a0700000, 0x00000000a0800000|  0%| F|  |TAMS 0x00000000a0700000, 0x00000000a0700000| Untracked 
| 520|0x00000000a0800000, 0x00000000a0800000, 0x00000000a0900000|  0%| F|  |TAMS 0x00000000a0800000, 0x00000000a0800000| Untracked 
| 521|0x00000000a0900000, 0x00000000a0900000, 0x00000000a0a00000|  0%| F|  |TAMS 0x00000000a0900000, 0x00000000a0900000| Untracked 
| 522|0x00000000a0a00000, 0x00000000a0a00000, 0x00000000a0b00000|  0%| F|  |TAMS 0x00000000a0a00000, 0x00000000a0a00000| Untracked 
| 523|0x00000000a0b00000, 0x00000000a0b00000, 0x00000000a0c00000|  0%| F|  |TAMS 0x00000000a0b00000, 0x00000000a0b00000| Untracked 
| 524|0x00000000a0c00000, 0x00000000a0c00000, 0x00000000a0d00000|  0%| F|  |TAMS 0x00000000a0c00000, 0x00000000a0c00000| Untracked 
| 525|0x00000000a0d00000, 0x00000000a0d00000, 0x00000000a0e00000|  0%| F|  |TAMS 0x00000000a0d00000, 0x00000000a0d00000| Untracked 
| 526|0x00000000a0e00000, 0x00000000a0e00000, 0x00000000a0f00000|  0%| F|  |TAMS 0x00000000a0e00000, 0x00000000a0e00000| Untracked 
| 527|0x00000000a0f00000, 0x00000000a0f00000, 0x00000000a1000000|  0%| F|  |TAMS 0x00000000a0f00000, 0x00000000a0f00000| Untracked 
| 528|0x00000000a1000000, 0x00000000a1000000, 0x00000000a1100000|  0%| F|  |TAMS 0x00000000a1000000, 0x00000000a1000000| Untracked 
| 529|0x00000000a1100000, 0x00000000a1100000, 0x00000000a1200000|  0%| F|  |TAMS 0x00000000a1100000, 0x00000000a1100000| Untracked 
| 530|0x00000000a1200000, 0x00000000a1200000, 0x00000000a1300000|  0%| F|  |TAMS 0x00000000a1200000, 0x00000000a1200000| Untracked 
| 531|0x00000000a1300000, 0x00000000a1300000, 0x00000000a1400000|  0%| F|  |TAMS 0x00000000a1300000, 0x00000000a1300000| Untracked 
| 532|0x00000000a1400000, 0x00000000a1400000, 0x00000000a1500000|  0%| F|  |TAMS 0x00000000a1400000, 0x00000000a1400000| Untracked 
| 533|0x00000000a1500000, 0x00000000a1500000, 0x00000000a1600000|  0%| F|  |TAMS 0x00000000a1500000, 0x00000000a1500000| Untracked 
| 534|0x00000000a1600000, 0x00000000a1600000, 0x00000000a1700000|  0%| F|  |TAMS 0x00000000a1600000, 0x00000000a1600000| Untracked 
| 535|0x00000000a1700000, 0x00000000a1700000, 0x00000000a1800000|  0%| F|  |TAMS 0x00000000a1700000, 0x00000000a1700000| Untracked 
| 536|0x00000000a1800000, 0x00000000a1800000, 0x00000000a1900000|  0%| F|  |TAMS 0x00000000a1800000, 0x00000000a1800000| Untracked 
| 537|0x00000000a1900000, 0x00000000a1900000, 0x00000000a1a00000|  0%| F|  |TAMS 0x00000000a1900000, 0x00000000a1900000| Untracked 
| 538|0x00000000a1a00000, 0x00000000a1a6dc50, 0x00000000a1b00000| 42%| E|  |TAMS 0x00000000a1a00000, 0x00000000a1a00000| Complete 
| 539|0x00000000a1b00000, 0x00000000a1c00000, 0x00000000a1c00000|100%| E|CS|TAMS 0x00000000a1b00000, 0x00000000a1b00000| Complete 
| 540|0x00000000a1c00000, 0x00000000a1d00000, 0x00000000a1d00000|100%| E|CS|TAMS 0x00000000a1c00000, 0x00000000a1c00000| Complete 
| 541|0x00000000a1d00000, 0x00000000a1e00000, 0x00000000a1e00000|100%| E|CS|TAMS 0x00000000a1d00000, 0x00000000a1d00000| Complete 

Card table byte_map: [0x000002ab63820000,0x000002ab63c20000] _byte_map_base: 0x000002ab63420000

Marking Bits (Prev, Next): (CMBitMap*) 0x000002ab4c5fdbf0, (CMBitMap*) 0x000002ab4c5fdc30
 Prev Bits: [0x000002ab64020000, 0x000002ab66020000)
 Next Bits: [0x000002ab66020000, 0x000002ab68020000)

Polling page: 0x000002ab4a3b0000

Metaspace:

Usage:
  Non-class:    113.69 MB used.
      Class:     17.92 MB used.
       Both:    131.62 MB used.

Virtual space:
  Non-class space:      128.00 MB reserved,     114.69 MB ( 90%) committed,  2 nodes.
      Class space:      416.00 MB reserved,      18.88 MB (  5%) committed,  1 nodes.
             Both:      544.00 MB reserved,     133.56 MB ( 25%) committed. 

Chunk freelists:
   Non-Class:  12.66 MB
       Class:  13.16 MB
        Both:  25.81 MB

MaxMetaspaceSize: 512.00 MB
CompressedClassSpaceSize: 416.00 MB
Initial GC threshold: 21.00 MB
Current GC threshold: 221.88 MB
CDS: on
MetaspaceReclaimPolicy: balanced
 - commit_granule_bytes: 65536.
 - commit_granule_words: 8192.
 - virtual_space_node_default_size: 8388608.
 - enlarge_chunks_in_place: 1.
 - new_chunks_are_fully_committed: 0.
 - uncommit_free_chunks: 1.
 - use_allocation_guard: 0.
 - handle_deallocations: 1.


Internal statistics:

num_allocs_failed_limit: 6.
num_arena_births: 3000.
num_arena_deaths: 4.
num_vsnodes_births: 3.
num_vsnodes_deaths: 0.
num_space_committed: 2135.
num_space_uncommitted: 0.
num_chunks_returned_to_freelist: 15.
num_chunks_taken_from_freelist: 9295.
num_chunk_merges: 6.
num_chunk_splits: 5834.
num_chunks_enlarged: 3408.
num_inconsistent_stats: 0.

CodeHeap 'non-profiled nmethods': size=120000Kb used=16591Kb max_used=16591Kb free=103408Kb
 bounds [0x000002ab5bbc0000, 0x000002ab5cc00000, 0x000002ab630f0000]
CodeHeap 'profiled nmethods': size=120000Kb used=38124Kb max_used=38124Kb free=81875Kb
 bounds [0x000002ab540f0000, 0x000002ab56630000, 0x000002ab5b620000]
CodeHeap 'non-nmethods': size=5760Kb used=1842Kb max_used=1990Kb free=3917Kb
 bounds [0x000002ab5b620000, 0x000002ab5b890000, 0x000002ab5bbc0000]
 total_blobs=20266 nmethods=19311 adapters=865
 compilation: enabled
              stopped_count=0, restarted_count=0
 full_count=0

Compilation events (20 events):
Event: 318.455 Thread 0x000002ab6aa73330 nmethod 23567 0x000002ab5cbdc790 code [0x000002ab5cbdc920, 0x000002ab5cbdcbb8]
Event: 318.455 Thread 0x000002ab6aa73330 23571       4       java.io.ObjectInputStream$PeekInputStream::peek (49 bytes)
Event: 318.460 Thread 0x000002ab6aa73330 nmethod 23571 0x000002ab5cbdcd10 code [0x000002ab5cbdcea0, 0x000002ab5cbdd138]
Event: 318.460 Thread 0x000002ab6aa73330 23576       4       java.io.ObjectInputStream$BlockDataInputStream::peek (55 bytes)
Event: 318.466 Thread 0x000002ab6aa73330 nmethod 23576 0x000002ab5cbdd290 code [0x000002ab5cbdd420, 0x000002ab5cbdd718]
Event: 318.466 Thread 0x000002ab6aa73330 23575       4       java.io.ObjectInputStream$PeekInputStream::read (115 bytes)
Event: 318.493 Thread 0x000002ab6aa73330 nmethod 23575 0x000002ab5cbdd910 code [0x000002ab5cbddae0, 0x000002ab5cbde8f8]
Event: 318.494 Thread 0x000002ab6aa73330 23532       4       java.io.ObjectOutputStream$BlockDataOutputStream::drain (45 bytes)
Event: 318.549 Thread 0x000002ab6aa7ac30 23684       2       com.google.protobuf.AbstractMessage::<init> (10 bytes)
Event: 318.549 Thread 0x000002ab6aa7ac30 nmethod 23684 0x000002ab56627390 code [0x000002ab56627520, 0x000002ab56627638]
Event: 318.549 Thread 0x000002ab6aa7ac30 23685       2       com.google.protobuf.AbstractMessageLite::<init> (10 bytes)
Event: 318.550 Thread 0x000002ab6aa7ac30 nmethod 23685 0x000002ab56627710 code [0x000002ab566278a0, 0x000002ab566279b8]
Event: 318.551 Thread 0x000002ab6aa73330 nmethod 23532 0x000002ab5cbdee90 code [0x000002ab5cbdf060, 0x000002ab5cbdfb98]
Event: 318.553 Thread 0x000002ab6aa73330 23585   !   4       java.io.ObjectInputStream::readObject0 (681 bytes)
Event: 318.584 Thread 0x000002ab7b8e9580 nmethod 23542 0x000002ab5cbe0090 code [0x000002ab5cbe06e0, 0x000002ab5cbe9870]
Event: 318.590 Thread 0x000002ab7b8e9580 23584       4       java.io.ObjectInputStream$HandleTable::markDependency (175 bytes)
Event: 318.594 Thread 0x000002ab7b8e9580 nmethod 23584 0x000002ab5cbed910 code [0x000002ab5cbedaa0, 0x000002ab5cbedbf8]
Event: 318.595 Thread 0x000002ab7b8e9580 23537       4       java.io.ObjectStreamClass::forClass (52 bytes)
Event: 318.598 Thread 0x000002ab7b8e9580 nmethod 23537 0x000002ab5c294990 code [0x000002ab5c294b20, 0x000002ab5c294bf8]
Event: 318.598 Thread 0x000002ab7b8e9580 23536       4       java.io.ObjectOutputStream$HandleTable::assign (52 bytes)

GC Heap History (20 events):
Event: 158.862 GC heap before
{Heap before GC invocations=78 (full 0):
 garbage-first heap   total 360448K, used 221451K [0x0000000080000000, 0x0000000100000000)
  region size 1024K, 17 young (17408K), 5 survivors (5120K)
 Metaspace       used 117560K, committed 119104K, reserved 557056K
  class space    used 16398K, committed 17152K, reserved 425984K
}
Event: 158.908 GC heap after
{Heap after GC invocations=79 (full 0):
 garbage-first heap   total 360448K, used 208320K [0x0000000080000000, 0x0000000100000000)
  region size 1024K, 3 young (3072K), 3 survivors (3072K)
 Metaspace       used 117560K, committed 119104K, reserved 557056K
  class space    used 16398K, committed 17152K, reserved 425984K
}
Event: 167.539 GC heap before
{Heap before GC invocations=79 (full 0):
 garbage-first heap   total 360448K, used 299456K [0x0000000080000000, 0x0000000100000000)
  region size 1024K, 89 young (91136K), 3 survivors (3072K)
 Metaspace       used 121646K, committed 123392K, reserved 557056K
  class space    used 17050K, committed 17856K, reserved 425984K
}
Event: 167.556 GC heap after
{Heap after GC invocations=80 (full 0):
 garbage-first heap   total 430080K, used 220551K [0x0000000080000000, 0x0000000100000000)
  region size 1024K, 12 young (12288K), 12 survivors (12288K)
 Metaspace       used 121646K, committed 123392K, reserved 557056K
  class space    used 17050K, committed 17856K, reserved 425984K
}
Event: 197.434 GC heap before
{Heap before GC invocations=80 (full 0):
 garbage-first heap   total 430080K, used 344455K [0x0000000080000000, 0x0000000100000000)
  region size 1024K, 133 young (136192K), 12 survivors (12288K)
 Metaspace       used 126590K, committed 128384K, reserved 557056K
  class space    used 17578K, committed 18432K, reserved 425984K
}
Event: 197.482 GC heap after
{Heap after GC invocations=81 (full 0):
 garbage-first heap   total 430080K, used 235604K [0x0000000080000000, 0x0000000100000000)
  region size 1024K, 15 young (15360K), 15 survivors (15360K)
 Metaspace       used 126590K, committed 128384K, reserved 557056K
  class space    used 17578K, committed 18432K, reserved 425984K
}
Event: 253.530 GC heap before
{Heap before GC invocations=81 (full 0):
 garbage-first heap   total 430080K, used 349268K [0x0000000080000000, 0x0000000100000000)
  region size 1024K, 122 young (124928K), 15 survivors (15360K)
 Metaspace       used 129572K, committed 131392K, reserved 557056K
  class space    used 17854K, committed 18752K, reserved 425984K
}
Event: 253.591 GC heap after
{Heap after GC invocations=82 (full 0):
 garbage-first heap   total 430080K, used 246720K [0x0000000080000000, 0x0000000100000000)
  region size 1024K, 12 young (12288K), 12 survivors (12288K)
 Metaspace       used 129572K, committed 131392K, reserved 557056K
  class space    used 17854K, committed 18752K, reserved 425984K
}
Event: 270.268 GC heap before
{Heap before GC invocations=82 (full 0):
 garbage-first heap   total 430080K, used 350144K [0x0000000080000000, 0x0000000100000000)
  region size 1024K, 114 young (116736K), 12 survivors (12288K)
 Metaspace       used 129828K, committed 131648K, reserved 557056K
  class space    used 17881K, committed 18752K, reserved 425984K
}
Event: 270.339 GC heap after
{Heap after GC invocations=83 (full 0):
 garbage-first heap   total 430080K, used 251489K [0x0000000080000000, 0x0000000100000000)
  region size 1024K, 6 young (6144K), 6 survivors (6144K)
 Metaspace       used 129828K, committed 131648K, reserved 557056K
  class space    used 17881K, committed 18752K, reserved 425984K
}
Event: 278.074 GC heap before
{Heap before GC invocations=83 (full 0):
 garbage-first heap   total 430080K, used 355937K [0x0000000080000000, 0x0000000100000000)
  region size 1024K, 109 young (111616K), 6 survivors (6144K)
 Metaspace       used 129904K, committed 131776K, reserved 557056K
  class space    used 17889K, committed 18752K, reserved 425984K
}
Event: 278.089 GC heap after
{Heap after GC invocations=84 (full 0):
 garbage-first heap   total 430080K, used 252973K [0x0000000080000000, 0x0000000100000000)
  region size 1024K, 8 young (8192K), 8 survivors (8192K)
 Metaspace       used 129904K, committed 131776K, reserved 557056K
  class space    used 17889K, committed 18752K, reserved 425984K
}
Event: 298.838 GC heap before
{Heap before GC invocations=84 (full 0):
 garbage-first heap   total 430080K, used 358445K [0x0000000080000000, 0x0000000100000000)
  region size 1024K, 112 young (114688K), 8 survivors (8192K)
 Metaspace       used 131631K, committed 133568K, reserved 557056K
  class space    used 18065K, committed 18944K, reserved 425984K
}
Event: 298.910 GC heap after
{Heap after GC invocations=85 (full 0):
 garbage-first heap   total 430080K, used 265890K [0x0000000080000000, 0x0000000100000000)
  region size 1024K, 14 young (14336K), 14 survivors (14336K)
 Metaspace       used 131631K, committed 133568K, reserved 557056K
  class space    used 18065K, committed 18944K, reserved 425984K
}
Event: 315.547 GC heap before
{Heap before GC invocations=85 (full 0):
 garbage-first heap   total 430080K, used 373410K [0x0000000080000000, 0x0000000100000000)
  region size 1024K, 103 young (105472K), 14 survivors (14336K)
 Metaspace       used 132102K, committed 134080K, reserved 557056K
  class space    used 18096K, committed 19008K, reserved 425984K
}
Event: 315.666 GC heap after
{Heap after GC invocations=86 (full 0):
 garbage-first heap   total 430080K, used 294912K [0x0000000080000000, 0x0000000100000000)
  region size 1024K, 13 young (13312K), 13 survivors (13312K)
 Metaspace       used 132102K, committed 134080K, reserved 557056K
  class space    used 18096K, committed 19008K, reserved 425984K
}
Event: 316.325 GC heap before
{Heap before GC invocations=86 (full 0):
 garbage-first heap   total 430080K, used 319488K [0x0000000080000000, 0x0000000100000000)
  region size 1024K, 20 young (20480K), 13 survivors (13312K)
 Metaspace       used 132109K, committed 134080K, reserved 557056K
  class space    used 18096K, committed 19008K, reserved 425984K
}
Event: 316.371 GC heap after
{Heap after GC invocations=87 (full 0):
 garbage-first heap   total 430080K, used 309760K [0x0000000080000000, 0x0000000100000000)
  region size 1024K, 5 young (5120K), 5 survivors (5120K)
 Metaspace       used 132109K, committed 134080K, reserved 557056K
  class space    used 18096K, committed 19008K, reserved 425984K
}
Event: 317.598 GC heap before
{Heap before GC invocations=87 (full 0):
 garbage-first heap   total 430080K, used 351744K [0x0000000080000000, 0x0000000100000000)
  region size 1024K, 37 young (37888K), 5 survivors (5120K)
 Metaspace       used 132687K, committed 134592K, reserved 557056K
  class space    used 18139K, committed 19008K, reserved 425984K
}
Event: 317.617 GC heap after
{Heap after GC invocations=88 (full 0):
 garbage-first heap   total 430080K, used 307968K [0x0000000080000000, 0x0000000100000000)
  region size 1024K, 5 young (5120K), 5 survivors (5120K)
 Metaspace       used 132687K, committed 134592K, reserved 557056K
  class space    used 18139K, committed 19008K, reserved 425984K
}

Dll operation events (15 events):
Event: 0.252 Loaded shared library C:\Program Files\Microsoft\jdk-17.0.16.8-hotspot\bin\java.dll
Event: 0.301 Loaded shared library C:\Program Files\Microsoft\jdk-17.0.16.8-hotspot\bin\jsvml.dll
Event: 0.467 Loaded shared library C:\Program Files\Microsoft\jdk-17.0.16.8-hotspot\bin\zip.dll
Event: 0.613 Loaded shared library C:\Program Files\Microsoft\jdk-17.0.16.8-hotspot\bin\instrument.dll
Event: 0.652 Loaded shared library C:\Program Files\Microsoft\jdk-17.0.16.8-hotspot\bin\net.dll
Event: 0.658 Loaded shared library C:\Program Files\Microsoft\jdk-17.0.16.8-hotspot\bin\nio.dll
Event: 0.666 Loaded shared library C:\Program Files\Microsoft\jdk-17.0.16.8-hotspot\bin\zip.dll
Event: 1.791 Loaded shared library C:\Program Files\Microsoft\jdk-17.0.16.8-hotspot\bin\jimage.dll
Event: 2.584 Loaded shared library C:\Program Files\Microsoft\jdk-17.0.16.8-hotspot\bin\verify.dll
Event: 2.686 Loaded shared library C:\Users\Z _ H Traders\.gradle\native\1def1411415f61bf3af743bc5b6707747c0891f09f0c88961ee8f79bc544acac\windows-amd64\native-platform.dll
Event: 2.908 Loaded shared library C:\Users\Z _ H Traders\.gradle\native\0.2.8\x86_64-windows-gnu\gradle-fileevents.dll
Event: 8.304 Loaded shared library C:\Program Files\Microsoft\jdk-17.0.16.8-hotspot\bin\management.dll
Event: 8.314 Loaded shared library C:\Program Files\Microsoft\jdk-17.0.16.8-hotspot\bin\management_ext.dll
Event: 9.313 Loaded shared library C:\Program Files\Microsoft\jdk-17.0.16.8-hotspot\bin\extnet.dll
Event: 10.330 Loaded shared library C:\Program Files\Microsoft\jdk-17.0.16.8-hotspot\bin\sunmscapi.dll

Deoptimization events (20 events):
Event: 317.930 Thread 0x000002ab73d2f530 DEOPT PACKING pc=0x000002ab5bcf2ecc sp=0x000000c13bffde80
Event: 317.930 Thread 0x000002ab73d2f530 DEOPT UNPACKING pc=0x000002ab5b6769a3 sp=0x000000c13bffdd18 mode 2
Event: 317.941 Thread 0x000002ab73d2f530 Uncommon trap: trap_request=0xffffff45 fr.pc=0x000002ab5bded8b0 relative=0x0000000000000190
Event: 317.941 Thread 0x000002ab73d2f530 Uncommon trap: reason=unstable_if action=reinterpret pc=0x000002ab5bded8b0 method=java.lang.String.equals(Ljava/lang/Object;)Z @ 33 c2
Event: 317.941 Thread 0x000002ab73d2f530 DEOPT PACKING pc=0x000002ab5bded8b0 sp=0x000000c13bffdee0
Event: 317.941 Thread 0x000002ab73d2f530 DEOPT UNPACKING pc=0x000002ab5b6769a3 sp=0x000000c13bffde70 mode 2
Event: 318.552 Thread 0x000002ab714b39d0 Uncommon trap: trap_request=0xffffffde fr.pc=0x000002ab5c6e24a4 relative=0x00000000000008a4
Event: 318.552 Thread 0x000002ab714b39d0 Uncommon trap: reason=class_check action=maybe_recompile pc=0x000002ab5c6e24a4 method=java.lang.Character.isWhitespace(I)Z @ 5 c2
Event: 318.553 Thread 0x000002ab714b39d0 DEOPT PACKING pc=0x000002ab5c6e24a4 sp=0x000000c1373fd910
Event: 318.557 Thread 0x000002ab714b39d0 DEOPT UNPACKING pc=0x000002ab5b6769a3 sp=0x000000c1373fd788 mode 2
Event: 318.572 Thread 0x000002ab714b39d0 Uncommon trap: trap_request=0xffffffde fr.pc=0x000002ab5c6e24a4 relative=0x00000000000008a4
Event: 318.573 Thread 0x000002ab714b39d0 Uncommon trap: reason=class_check action=maybe_recompile pc=0x000002ab5c6e24a4 method=java.lang.Character.isWhitespace(I)Z @ 5 c2
Event: 318.573 Thread 0x000002ab714b39d0 DEOPT PACKING pc=0x000002ab5c6e24a4 sp=0x000000c1373fd880
Event: 318.583 Thread 0x000002ab714b39d0 DEOPT UNPACKING pc=0x000002ab5b6769a3 sp=0x000000c1373fd6f8 mode 2
Event: 318.629 Thread 0x000002ab714b39d0 Uncommon trap: trap_request=0xffffffde fr.pc=0x000002ab5c6e24a4 relative=0x00000000000008a4
Event: 318.631 Thread 0x000002ab714b39d0 Uncommon trap: reason=class_check action=maybe_recompile pc=0x000002ab5c6e24a4 method=java.lang.Character.isWhitespace(I)Z @ 5 c2
Event: 318.720 Thread 0x000002ab714b0c40 Uncommon trap: trap_request=0xffffff45 fr.pc=0x000002ab5bd1d618 relative=0x00000000000007b8
Event: 318.720 Thread 0x000002ab714b0c40 Uncommon trap: reason=unstable_if action=reinterpret pc=0x000002ab5bd1d618 method=java.util.WeakHashMap.remove(Ljava/lang/Object;)Ljava/lang/Object; @ 92 c2
Event: 318.720 Thread 0x000002ab714b0c40 DEOPT PACKING pc=0x000002ab5bd1d618 sp=0x000000c13c3f9b70
Event: 318.720 Thread 0x000002ab714b0c40 DEOPT UNPACKING pc=0x000002ab5b6769a3 sp=0x000000c13c3f9b20 mode 2

Classes loaded (20 events):
Event: 317.640 Loading class javax/xml/stream/events/Namespace
Event: 317.645 Loading class javax/xml/stream/events/Attribute
Event: 317.645 Loading class javax/xml/stream/events/Attribute done
Event: 317.645 Loading class javax/xml/stream/events/Namespace done
Event: 317.646 Loading class com/sun/xml/internal/stream/events/AttributeImpl
Event: 317.647 Loading class com/sun/xml/internal/stream/events/AttributeImpl done
Event: 317.647 Loading class com/sun/xml/internal/stream/events/NamespaceImpl done
Event: 317.648 Loading class com/sun/org/apache/xerces/internal/util/NamespaceSupport$Prefixes done
Event: 317.649 Loading class com/sun/xml/internal/stream/events/CharacterEvent
Event: 317.650 Loading class javax/xml/stream/events/Characters
Event: 317.652 Loading class javax/xml/stream/events/Characters done
Event: 317.652 Loading class com/sun/xml/internal/stream/events/CharacterEvent done
Event: 317.669 Loading class java/util/Spliterators$2Adapter
Event: 317.671 Loading class java/util/Spliterators$2Adapter done
Event: 317.683 Loading class com/sun/xml/internal/stream/events/EndElementEvent
Event: 317.692 Loading class javax/xml/stream/events/EndElement
Event: 317.693 Loading class javax/xml/stream/events/EndElement done
Event: 317.693 Loading class com/sun/xml/internal/stream/events/EndElementEvent done
Event: 317.939 Loading class java/lang/StringUTF16$CodePointsSpliterator
Event: 317.940 Loading class java/lang/StringUTF16$CodePointsSpliterator done

Classes unloaded (13 events):
Event: 152.656 Thread 0x000002ab6aa44660 Unloading class 0x000002ab020c1b58 '_BuildScript_$_run_closure3'
Event: 152.656 Thread 0x000002ab6aa44660 Unloading class 0x000002ab020c1770 '_BuildScript_$_run_closure2$_closure8'
Event: 152.656 Thread 0x000002ab6aa44660 Unloading class 0x000002ab020c1388 '_BuildScript_$_run_closure2'
Event: 152.656 Thread 0x000002ab6aa44660 Unloading class 0x000002ab020c0fa0 '_BuildScript_$_run_closure1$_closure6'
Event: 152.656 Thread 0x000002ab6aa44660 Unloading class 0x000002ab020c0bb8 '_BuildScript_$_run_closure1$_closure5'
Event: 152.656 Thread 0x000002ab6aa44660 Unloading class 0x000002ab020c07d0 '_BuildScript_$_run_closure1$_closure4$_closure7'
Event: 152.656 Thread 0x000002ab6aa44660 Unloading class 0x000002ab020c03e8 '_BuildScript_$_run_closure1$_closure4'
Event: 152.656 Thread 0x000002ab6aa44660 Unloading class 0x000002ab020c0000 '_BuildScript_$_run_closure1'
Event: 152.656 Thread 0x000002ab6aa44660 Unloading class 0x000002ab020bd800 '_BuildScript_'
Event: 152.656 Thread 0x000002ab6aa44660 Unloading class 0x000002ab020a47d0 '_BuildScript_$_run_closure1$_closure3'
Event: 152.656 Thread 0x000002ab6aa44660 Unloading class 0x000002ab020a43e8 '_BuildScript_$_run_closure1$_closure2'
Event: 152.656 Thread 0x000002ab6aa44660 Unloading class 0x000002ab020a4000 '_BuildScript_$_run_closure1'
Event: 152.656 Thread 0x000002ab6aa44660 Unloading class 0x000002ab02098800 '_BuildScript_'

Classes redefined (0 events):
No events

Internal exceptions (20 events):
Event: 282.075 Thread 0x000002ab714b1b70 Exception <a 'sun/nio/fs/WindowsException'{0x0000000099167d00}> (0x0000000099167d00) 
thrown [s\src\hotspot\share\prims\jni.cpp, line 516]
Event: 282.078 Thread 0x000002ab714b1b70 Exception <a 'sun/nio/fs/WindowsException'{0x000000009916a4e8}> (0x000000009916a4e8) 
thrown [s\src\hotspot\share\prims\jni.cpp, line 516]
Event: 282.155 Thread 0x000002ab714b1b70 Exception <a 'sun/nio/fs/WindowsException'{0x00000000991dfb78}> (0x00000000991dfb78) 
thrown [s\src\hotspot\share\prims\jni.cpp, line 516]
Event: 282.157 Thread 0x000002ab714b1b70 Exception <a 'sun/nio/fs/WindowsException'{0x00000000991e0ec0}> (0x00000000991e0ec0) 
thrown [s\src\hotspot\share\prims\jni.cpp, line 516]
Event: 282.157 Thread 0x000002ab714b1b70 Exception <a 'sun/nio/fs/WindowsException'{0x00000000991e1048}> (0x00000000991e1048) 
thrown [s\src\hotspot\share\prims\jni.cpp, line 516]
Event: 282.883 Thread 0x000002ab714b1b70 Exception <a 'sun/nio/fs/WindowsException'{0x0000000098b00760}> (0x0000000098b00760) 
thrown [s\src\hotspot\share\prims\jni.cpp, line 516]
Event: 283.248 Thread 0x000002ab714b1b70 Exception <a 'sun/nio/fs/WindowsException'{0x0000000098be03d0}> (0x0000000098be03d0) 
thrown [s\src\hotspot\share\prims\jni.cpp, line 516]
Event: 283.449 Thread 0x000002ab714b3ee0 Exception <a 'sun/nio/fs/WindowsException'{0x0000000098ae9a10}> (0x0000000098ae9a10) 
thrown [s\src\hotspot\share\prims\jni.cpp, line 516]
Event: 285.062 Thread 0x000002ab714b3ee0 Exception <a 'sun/nio/fs/WindowsException'{0x00000000973a45d0}> (0x00000000973a45d0) 
thrown [s\src\hotspot\share\prims\jni.cpp, line 516]
Event: 296.789 Thread 0x000002ab714b34c0 Implicit null exception at 0x000002ab5c8fd7d5 to 0x000002ab5c8fde0c
Event: 306.185 Thread 0x000002ab714b34c0 Implicit null exception at 0x000002ab5c8dce80 to 0x000002ab5c8ddd90
Event: 316.285 Thread 0x000002ab714b34c0 Implicit null exception at 0x000002ab5cb56951 to 0x000002ab5cb5c008
Event: 316.601 Thread 0x000002ab714b34c0 Exception <a 'java/lang/NoSuchMethodError'{0x000000009a2fa2c0}: static Lcom/android/ide/common/resources/CompileResourceRequest;.<clinit>()V> (0x000000009a2fa2c0) 
thrown [s\src\hotspot\share\prims\jni.cpp, line 1112]
Event: 316.631 Thread 0x000002ab714b34c0 Exception <a 'java/lang/NoSuchMethodError'{0x000000009a121d48}: static Ljava/lang/Object;.<clinit>()V> (0x000000009a121d48) 
thrown [s\src\hotspot\share\prims\jni.cpp, line 1112]
Event: 316.633 Thread 0x000002ab714b34c0 Exception <a 'java/lang/NoSuchMethodError'{0x000000009a133bb0}: static Ljava/lang/Object;.<clinit>()V> (0x000000009a133bb0) 
thrown [s\src\hotspot\share\prims\jni.cpp, line 1112]
Event: 316.639 Thread 0x000002ab714b34c0 Exception <a 'java/lang/NoSuchMethodError'{0x000000009a145860}: static Ljava/lang/Object;.<clinit>()V> (0x000000009a145860) 
thrown [s\src\hotspot\share\prims\jni.cpp, line 1112]
Event: 316.784 Thread 0x000002ab714b34c0 Exception <a 'java/lang/NoSuchMethodError'{0x000000009a0c8f00}: static Lkotlin/InitializedLazyImpl;.<clinit>()V> (0x000000009a0c8f00) 
thrown [s\src\hotspot\share\prims\jni.cpp, line 1112]
Event: 317.632 Thread 0x000002ab714b0c40 Implicit null exception at 0x000002ab5cab95c9 to 0x000002ab5cabb598
Event: 317.632 Thread 0x000002ab73d30970 Implicit null exception at 0x000002ab5cab95c9 to 0x000002ab5cabb598
Event: 317.678 Thread 0x000002ab73d2f530 Implicit null exception at 0x000002ab5ca60c40 to 0x000002ab5ca63e7c

VM Operations (20 events):
Event: 313.736 Executing VM operation: Cleanup
Event: 313.736 Executing VM operation: Cleanup done
Event: 314.750 Executing VM operation: Cleanup
Event: 314.750 Executing VM operation: Cleanup done
Event: 315.547 Executing VM operation: G1CollectForAllocation
Event: 315.666 Executing VM operation: G1CollectForAllocation done
Event: 316.325 Executing VM operation: G1TryInitiateConcMark
Event: 316.372 Executing VM operation: G1TryInitiateConcMark done
Event: 317.359 Executing VM operation: HandshakeAllThreads
Event: 317.533 Executing VM operation: HandshakeAllThreads done
Event: 317.534 Executing VM operation: Cleanup
Event: 317.534 Executing VM operation: Cleanup done
Event: 317.534 Executing VM operation: HandshakeAllThreads
Event: 317.536 Executing VM operation: HandshakeAllThreads done
Event: 317.551 Executing VM operation: HandshakeAllThreads
Event: 317.588 Executing VM operation: HandshakeAllThreads done
Event: 317.597 Executing VM operation: G1CollectForAllocation
Event: 317.617 Executing VM operation: G1CollectForAllocation done
Event: 318.619 Executing VM operation: G1PauseRemark
Event: 318.706 Executing VM operation: G1PauseRemark done

Memory protections (0 events):
No events

Nmethod flushes (20 events):
Event: 299.473 Thread 0x000002ab6aa694d0 flushing  nmethod 0x000002ab55ff8210
Event: 299.479 Thread 0x000002ab6aa694d0 flushing  nmethod 0x000002ab56318e90
Event: 299.479 Thread 0x000002ab6aa694d0 flushing  nmethod 0x000002ab56331990
Event: 299.479 Thread 0x000002ab6aa694d0 flushing  nmethod 0x000002ab56335610
Event: 299.479 Thread 0x000002ab6aa694d0 flushing  nmethod 0x000002ab5633c710
Event: 299.479 Thread 0x000002ab6aa694d0 flushing  nmethod 0x000002ab5633d790
Event: 299.479 Thread 0x000002ab6aa694d0 flushing  nmethod 0x000002ab56346510
Event: 299.479 Thread 0x000002ab6aa694d0 flushing  nmethod 0x000002ab5634b210
Event: 299.479 Thread 0x000002ab6aa694d0 flushing  nmethod 0x000002ab5634f410
Event: 299.479 Thread 0x000002ab6aa694d0 flushing  nmethod 0x000002ab56368010
Event: 299.479 Thread 0x000002ab6aa694d0 flushing  nmethod 0x000002ab56371290
Event: 299.480 Thread 0x000002ab6aa694d0 flushing  nmethod 0x000002ab563c1b10
Event: 317.559 Thread 0x000002ab6aa694d0 flushing  nmethod 0x000002ab5c196c90
Event: 317.560 Thread 0x000002ab6aa694d0 flushing  nmethod 0x000002ab5c294990
Event: 317.563 Thread 0x000002ab6aa694d0 flushing  nmethod 0x000002ab5c4f0b10
Event: 317.570 Thread 0x000002ab6aa694d0 flushing  nmethod 0x000002ab5caa4b90
Event: 317.583 Thread 0x000002ab6aa694d0 flushing  nmethod 0x000002ab54704a90
Event: 317.593 Thread 0x000002ab6aa694d0 flushing  nmethod 0x000002ab54a0b010
Event: 317.619 Thread 0x000002ab6aa694d0 flushing  nmethod 0x000002ab54c31410
Event: 317.691 Thread 0x000002ab6aa694d0 flushing  nmethod 0x000002ab5637e610

Events (20 events):
Event: 302.234 Thread 0x000002ab7b8ea020 Thread exited: 0x000002ab7b8ea020
Event: 305.645 Thread 0x000002ab6aa73330 Thread added: 0x000002ab7b8e9ad0
Event: 307.522 Thread 0x000002ab7b8e9ad0 Thread exited: 0x000002ab7b8e9ad0
Event: 307.736 Thread 0x000002ab6aa7ac30 Thread added: 0x000002ab7b8e8ae0
Event: 307.788 Thread 0x000002ab6aa7ac30 Thread added: 0x000002ab7b8e8590
Event: 308.592 Thread 0x000002ab7b8e8590 Thread exited: 0x000002ab7b8e8590
Event: 310.520 Thread 0x000002ab7b8e8ae0 Thread exited: 0x000002ab7b8e8ae0
Event: 312.763 Thread 0x000002ab6aa7ac30 Thread added: 0x000002ab7b8e8ae0
Event: 312.814 Thread 0x000002ab7b8e8ae0 Thread added: 0x000002ab7b8e9580
Event: 314.740 Thread 0x000002ab7b8e9580 Thread exited: 0x000002ab7b8e9580
Event: 314.763 Thread 0x000002ab7b8e8ae0 Thread exited: 0x000002ab7b8e8ae0
Event: 315.388 Thread 0x000002ab6aa7ac30 Thread added: 0x000002ab7b8ebab0
Event: 315.735 Thread 0x000002ab72b510b0 Thread exited: 0x000002ab72b510b0
Event: 316.852 Thread 0x000002ab6aa7ac30 Thread added: 0x000002ab7b8e9580
Event: 316.914 Thread 0x000002ab714b34c0 Thread added: 0x000002ab72b510b0
Event: 316.948 Thread 0x000002ab714b34c0 Thread added: 0x000002ab73d2f530
Event: 317.058 Thread 0x000002ab714b34c0 Thread added: 0x000002ab73d30970
Event: 317.136 Thread 0x000002ab714b34c0 Thread added: 0x000002ab73d322c0
Event: 317.211 Thread 0x000002ab714b34c0 Thread added: 0x000002ab714b43f0
Event: 317.250 Thread 0x000002ab714b34c0 Thread added: 0x000002ab714b0c40


Dynamic libraries:
0x00007ff7b3da0000 - 0x00007ff7b3dae000 	C:\Program Files\Microsoft\jdk-17.0.16.8-hotspot\bin\java.exe
0x00007fff9ad60000 - 0x00007fff9afc8000 	C:\WINDOWS\SYSTEM32\ntdll.dll
0x00007fff99d50000 - 0x00007fff99e19000 	C:\WINDOWS\System32\KERNEL32.DLL
0x00007fff97eb0000 - 0x00007fff982a8000 	C:\WINDOWS\System32\KERNELBASE.dll
0x00007fff984e0000 - 0x00007fff9862b000 	C:\WINDOWS\System32\ucrtbase.dll
0x00007fff6df10000 - 0x00007fff6df2e000 	C:\Program Files\Microsoft\jdk-17.0.16.8-hotspot\bin\VCRUNTIME140.dll
0x00007fff6df30000 - 0x00007fff6df48000 	C:\Program Files\Microsoft\jdk-17.0.16.8-hotspot\bin\jli.dll
0x00007fff98b00000 - 0x00007fff98cc7000 	C:\WINDOWS\System32\USER32.dll
0x00007fff89950000 - 0x00007fff89be4000 	C:\WINDOWS\WinSxS\amd64_microsoft.windows.common-controls_6595b64144ccf1df_6.0.26100.7019_none_3e06ffa0e335b8a8\COMCTL32.dll
0x00007fff9aae0000 - 0x00007fff9ab89000 	C:\WINDOWS\System32\msvcrt.dll
0x00007fff98340000 - 0x00007fff98367000 	C:\WINDOWS\System32\win32u.dll
0x00007fff99e20000 - 0x00007fff99e4b000 	C:\WINDOWS\System32\GDI32.dll
0x00007fff98630000 - 0x00007fff9875c000 	C:\WINDOWS\System32\gdi32full.dll
0x00007fff98760000 - 0x00007fff98803000 	C:\WINDOWS\System32\msvcp_win.dll
0x00007fff99220000 - 0x00007fff99251000 	C:\WINDOWS\System32\IMM32.DLL
0x00007fff71e80000 - 0x00007fff71e8c000 	C:\Program Files\Microsoft\jdk-17.0.16.8-hotspot\bin\vcruntime140_1.dll
0x00007fff6da70000 - 0x00007fff6daf9000 	C:\Program Files\Microsoft\jdk-17.0.16.8-hotspot\bin\msvcp140.dll
0x00007fff0e9a0000 - 0x00007fff0f61a000 	C:\Program Files\Microsoft\jdk-17.0.16.8-hotspot\bin\server\jvm.dll
0x00007fff99ee0000 - 0x00007fff99f94000 	C:\WINDOWS\System32\ADVAPI32.dll
0x00007fff9a140000 - 0x00007fff9a1e6000 	C:\WINDOWS\System32\sechost.dll
0x00007fff995f0000 - 0x00007fff99708000 	C:\WINDOWS\System32\RPCRT4.dll
0x00007fff9aba0000 - 0x00007fff9ac14000 	C:\WINDOWS\System32\WS2_32.dll
0x00007fff97d30000 - 0x00007fff97d8e000 	C:\WINDOWS\SYSTEM32\POWRPROF.dll
0x00007fff8bbd0000 - 0x00007fff8bc05000 	C:\WINDOWS\SYSTEM32\WINMM.dll
0x00007fff8fc00000 - 0x00007fff8fc0b000 	C:\WINDOWS\SYSTEM32\VERSION.dll
0x00007fff97d10000 - 0x00007fff97d24000 	C:\WINDOWS\SYSTEM32\UMPDC.dll
0x00007fff96c30000 - 0x00007fff96c4b000 	C:\WINDOWS\SYSTEM32\kernel.appcore.dll
0x00007fff6da60000 - 0x00007fff6da6a000 	C:\Program Files\Microsoft\jdk-17.0.16.8-hotspot\bin\jimage.dll
0x00007fff8a470000 - 0x00007fff8a6b2000 	C:\WINDOWS\SYSTEM32\DBGHELP.DLL
0x00007fff99260000 - 0x00007fff995eb000 	C:\WINDOWS\System32\combase.dll
0x00007fff9a060000 - 0x00007fff9a137000 	C:\WINDOWS\System32\OLEAUT32.dll
0x00007fff89bf0000 - 0x00007fff89c2c000 	C:\WINDOWS\SYSTEM32\dbgcore.DLL
0x00007fff98a50000 - 0x00007fff98af5000 	C:\WINDOWS\System32\bcryptPrimitives.dll
0x00007fff67220000 - 0x00007fff6722f000 	C:\Program Files\Microsoft\jdk-17.0.16.8-hotspot\bin\instrument.dll
0x00007fff6a450000 - 0x00007fff6a476000 	C:\Program Files\Microsoft\jdk-17.0.16.8-hotspot\bin\java.dll
0x00007fff4e9f0000 - 0x00007fff4eac6000 	C:\Program Files\Microsoft\jdk-17.0.16.8-hotspot\bin\jsvml.dll
0x00007fff9a1f0000 - 0x00007fff9a941000 	C:\WINDOWS\System32\SHELL32.dll
0x00007fff98370000 - 0x00007fff984db000 	C:\WINDOWS\System32\wintypes.dll
0x00007fff95ab0000 - 0x00007fff9630d000 	C:\WINDOWS\SYSTEM32\windows.storage.dll
0x00007fff9ac20000 - 0x00007fff9ad12000 	C:\WINDOWS\System32\SHCORE.dll
0x00007fff991b0000 - 0x00007fff99217000 	C:\WINDOWS\System32\shlwapi.dll
0x00007fff97dd0000 - 0x00007fff97df9000 	C:\WINDOWS\SYSTEM32\profapi.dll
0x00007fff54530000 - 0x00007fff54548000 	C:\Program Files\Microsoft\jdk-17.0.16.8-hotspot\bin\zip.dll
0x00007fff6a270000 - 0x00007fff6a28b000 	C:\Program Files\Microsoft\jdk-17.0.16.8-hotspot\bin\net.dll
0x00007fff94ab0000 - 0x00007fff94bd8000 	C:\WINDOWS\SYSTEM32\WINHTTP.dll
0x00007fff97180000 - 0x00007fff971eb000 	C:\WINDOWS\system32\mswsock.dll
0x00007fff6a250000 - 0x00007fff6a266000 	C:\Program Files\Microsoft\jdk-17.0.16.8-hotspot\bin\nio.dll
0x00007fff6a0a0000 - 0x00007fff6a0b0000 	C:\Program Files\Microsoft\jdk-17.0.16.8-hotspot\bin\verify.dll
0x00007fff544a0000 - 0x00007fff544c7000 	C:\Users\Z _ H Traders\.gradle\native\1def1411415f61bf3af743bc5b6707747c0891f09f0c88961ee8f79bc544acac\windows-amd64\native-platform.dll
0x00007fff50de0000 - 0x00007fff50e57000 	C:\Users\Z _ H Traders\.gradle\native\0.2.8\x86_64-windows-gnu\gradle-fileevents.dll
0x00007fff6da50000 - 0x00007fff6da5a000 	C:\Program Files\Microsoft\jdk-17.0.16.8-hotspot\bin\management.dll
0x00007fff6a240000 - 0x00007fff6a24c000 	C:\Program Files\Microsoft\jdk-17.0.16.8-hotspot\bin\management_ext.dll
0x00007fff98d50000 - 0x00007fff98d58000 	C:\WINDOWS\System32\PSAPI.DLL
0x00007fff96620000 - 0x00007fff96654000 	C:\WINDOWS\SYSTEM32\IPHLPAPI.DLL
0x00007fff9ab90000 - 0x00007fff9ab9a000 	C:\WINDOWS\System32\NSI.dll
0x00007fff90460000 - 0x00007fff9047e000 	C:\WINDOWS\SYSTEM32\dhcpcsvc6.DLL
0x00007fff8fe70000 - 0x00007fff8fe93000 	C:\WINDOWS\SYSTEM32\dhcpcsvc.DLL
0x00007fff966b0000 - 0x00007fff967dc000 	C:\WINDOWS\SYSTEM32\DNSAPI.dll
0x00007fff67740000 - 0x00007fff67749000 	C:\Program Files\Microsoft\jdk-17.0.16.8-hotspot\bin\extnet.dll
0x00007fff97570000 - 0x00007fff9758b000 	C:\WINDOWS\SYSTEM32\CRYPTSP.dll
0x00007fff96b90000 - 0x00007fff96bca000 	C:\WINDOWS\system32\rsaenh.dll
0x00007fff97230000 - 0x00007fff9725b000 	C:\WINDOWS\SYSTEM32\USERENV.dll
0x00007fff97da0000 - 0x00007fff97dca000 	C:\WINDOWS\SYSTEM32\bcrypt.dll
0x00007fff973d0000 - 0x00007fff973dc000 	C:\WINDOWS\SYSTEM32\CRYPTBASE.dll
0x00007fff655f0000 - 0x00007fff655fe000 	C:\Program Files\Microsoft\jdk-17.0.16.8-hotspot\bin\sunmscapi.dll
0x00007fff98810000 - 0x00007fff98987000 	C:\WINDOWS\System32\CRYPT32.dll
0x00007fff976c0000 - 0x00007fff976f0000 	C:\WINDOWS\SYSTEM32\ncrypt.dll
0x00007fff97670000 - 0x00007fff976af000 	C:\WINDOWS\SYSTEM32\NTASN1.dll
0x00007fff94530000 - 0x00007fff94538000 	C:\WINDOWS\system32\wshunix.dll
0x00007fff8b780000 - 0x00007fff8b78b000 	C:\Windows\System32\rasadhlp.dll
0x00007fff8f2e0000 - 0x00007fff8f366000 	C:\WINDOWS\System32\fwpuclnt.dll

dbghelp: loaded successfully - version: 4.0.5 - missing functions: none
symbol engine: initialized successfully - sym options: 0x614 - pdb path: .;C:\Program Files\Microsoft\jdk-17.0.16.8-hotspot\bin;C:\WINDOWS\SYSTEM32;C:\WINDOWS\WinSxS\amd64_microsoft.windows.common-controls_6595b64144ccf1df_6.0.26100.7019_none_3e06ffa0e335b8a8;C:\Program Files\Microsoft\jdk-17.0.16.8-hotspot\bin\server;C:\Users\Z _ H Traders\.gradle\native\1def1411415f61bf3af743bc5b6707747c0891f09f0c88961ee8f79bc544acac\windows-amd64;C:\Users\Z _ H Traders\.gradle\native\0.2.8\x86_64-windows-gnu

VM Arguments:
jvm_args: --add-opens=java.base/java.lang=ALL-UNNAMED --add-opens=java.base/java.lang.invoke=ALL-UNNAMED --add-opens=java.base/java.util=ALL-UNNAMED --add-opens=java.prefs/java.util.prefs=ALL-UNNAMED --add-exports=jdk.compiler/com.sun.tools.javac.api=ALL-UNNAMED --add-exports=jdk.compiler/com.sun.tools.javac.util=ALL-UNNAMED --add-opens=java.base/java.util=ALL-UNNAMED --add-opens=java.prefs/java.util.prefs=ALL-UNNAMED --add-opens=java.base/java.nio.charset=ALL-UNNAMED --add-opens=java.base/java.net=ALL-UNNAMED --add-opens=java.base/java.util.concurrent=ALL-UNNAMED --add-opens=java.base/java.util.concurrent.atomic=ALL-UNNAMED --add-opens=java.xml/javax.xml.namespace=ALL-UNNAMED -XX:MaxMetaspaceSize=512m -Xmx2048m -Dfile.encoding=windows-1252 -Duser.country=US -Duser.language=en -Duser.variant -javaagent:C:\Users\Z _ H Traders\.gradle\wrapper\dists\gradle-9.0.0-bin\d6wjpkvcgsg3oed0qlfss3wgl\gradle-9.0.0\lib\agents\gradle-instrumentation-agent-9.0.0.jar 
java_command: org.gradle.launcher.daemon.bootstrap.GradleDaemon 9.0.0
java_class_path (initial): C:\Users\Z _ H Traders\.gradle\wrapper\dists\gradle-9.0.0-bin\d6wjpkvcgsg3oed0qlfss3wgl\gradle-9.0.0\lib\gradle-daemon-main-9.0.0.jar
Launcher Type: SUN_STANDARD

[Global flags]
     intx CICompilerCount                          = 4                                         {product} {ergonomic}
   size_t CompressedClassSpaceSize                 = 436207616                                 {product} {ergonomic}
     uint ConcGCThreads                            = 2                                         {product} {ergonomic}
     uint G1ConcRefinementThreads                  = 8                                         {product} {ergonomic}
   size_t G1HeapRegionSize                         = 1048576                                   {product} {ergonomic}
    uintx GCDrainStackTargetSize                   = 64                                        {product} {ergonomic}
   size_t InitialHeapSize                          = 132120576                                 {product} {ergonomic}
   size_t MarkStackSize                            = 4194304                                   {product} {ergonomic}
   size_t MaxHeapSize                              = 2147483648                                {product} {command line}
   size_t MaxMetaspaceSize                         = 536870912                                 {product} {command line}
   size_t MaxNewSize                               = 1287651328                                {product} {ergonomic}
   size_t MinHeapDeltaBytes                        = 1048576                                   {product} {ergonomic}
   size_t MinHeapSize                              = 8388608                                   {product} {ergonomic}
    uintx NonNMethodCodeHeapSize                   = 5839372                                {pd product} {ergonomic}
    uintx NonProfiledCodeHeapSize                  = 122909434                              {pd product} {ergonomic}
    uintx ProfiledCodeHeapSize                     = 122909434                              {pd product} {ergonomic}
    uintx ReservedCodeCacheSize                    = 251658240                              {pd product} {ergonomic}
     bool SegmentedCodeCache                       = true                                      {product} {ergonomic}
   size_t SoftMaxHeapSize                          = 2147483648                             {manageable} {ergonomic}
     bool UseCompressedClassPointers               = true                           {product lp64_product} {ergonomic}
     bool UseCompressedOops                        = true                           {product lp64_product} {ergonomic}
     bool UseG1GC                                  = true                                      {product} {ergonomic}
     bool UseLargePagesIndividualAllocation        = false                                  {pd product} {ergonomic}

Logging:
Log output configuration:
 #0: stdout all=warning uptime,level,tags
 #1: stderr all=off uptime,level,tags

Environment Variables:
JAVA_HOME=C:\Program Files\Microsoft\jdk-17.0.16.8-hotspot
PATH=C:\ERS\THELASTHOPE_ERS\node_modules\.bin;C:\ERS\node_modules\.bin;C:\node_modules\.bin;C:\Program Files\nodejs\node_modules\npm\node_modules\@npmcli\run-script\lib\node-gyp-bin;c:\Users\Z _ H Traders\AppData\Roaming\Code\User\globalStorage\github.copilot-chat\debugCommand;c:\Users\Z _ H Traders\AppData\Roaming\Code\User\globalStorage\github.copilot-chat\copilotCli;C:\Program Files\Microsoft\jdk-17.0.16.8-hotspot\bin;C:\Python312\Scripts\;C:\Python312\;C:\Program Files\Eclipse Foundation\jdk-8.0.302.8-hotspot\bin;C:\WINDOWS\system32;C:\WINDOWS;C:\WINDOWS\System32\Wbem;C:\WINDOWS\System32\WindowsPowerShell\v1.0\;C:\WINDOWS\System32\OpenSSH\;C:\Program Files (x86)\Microsoft SQL Server\160\Tools\Binn\;C:\Program Files\Microsoft SQL Server\160\Tools\Binn\;C:\Program Files\Microsoft SQL Server\Client SDK\ODBC\170\Tools\Binn\;C:\Program Files\Microsoft SQL Server\160\DTS\Binn\;C:\Program Files (x86)\Microsoft SQL Server\160\DTS\Binn\;C:\Program Files\Azure Data Studio\bin;C:\Program Files\Microsoft SQL Server\150\Tools\Binn\;C:\Program Files\Microsoft SQL Server\130\Tools\Binn\;C:\Program Files\dotnet\;C:\ProgramData\chocolatey\bin;C:\Program Files\nodejs\;C:\Haseeb\android\SDK\platform-tools;C:\Haseeb\android\SDK\platforms;C:\Haseeb\android\SDK\emulator;C:\Haseeb\android\SDK\build-tools;C:\Haseeb\android\SDK;C:\Program Files\MongoDB\Server\8.2\bin;C:\Users\Z _ H Traders\AppData\Local\Microsoft\WindowsApps;C:\Program Files\Azure Data Studio\bin;C:\Users\Z _ H Traders\.dotnet\tools;C:\Users\Z _ H Traders\AppData\Local\Programs\Microsoft VS Code\bin;C:\Users\Z _ H Traders\AppData\Local\Programs\cursor\resources\app\bin;C:\Users\Z _ H Traders\AppData\Roaming\npm;C:\Users\Z _ H Traders\OneDrive\Desktop\flutter\bin;C:\Program Files\Microsoft\jdk-17.0.16.8-hotspot\bin;C:\Haseeb\android\SDK\platform-tools;C:\Haseeb\android\SDK\platforms;C:\Haseeb\android\SDK\emulator;C:\Haseeb\android\SDK\build-tools;C:\Haseeb\android\SDK;C:\Program Files\mongosh\;
USERNAME=Z _ H Traders
LANG=en_US.UTF-8
OS=Windows_NT
PROCESSOR_IDENTIFIER=Intel64 Family 6 Model 142 Stepping 10, GenuineIntel
TMP=C:\Users\Z_HTRA~1\AppData\Local\Temp
TEMP=C:\Users\Z_HTRA~1\AppData\Local\Temp



Periodic native trim disabled


---------------  S Y S T E M  ---------------

OS:
 Windows 11 , 64 bit Build 26100 (10.0.26100.7019)
OS uptime: 39 days 11:21 hours
Hyper-V role detected

CPU: total 8 (initial active 8) (4 cores per cpu, 2 threads per core) family 6 model 142 stepping 10 microcode 0xe0, cx8, cmov, fxsr, ht, mmx, 3dnowpref, sse, sse2, sse3, ssse3, sse4.1, sse4.2, popcnt, lzcnt, tsc, tscinvbit, avx, avx2, aes, erms, clmul, bmi1, bmi2, rtm, adx, fma, vzeroupper, clflush, clflushopt, hv
Processor Information for the first 8 processors :
  Max Mhz: 1896, Current Mhz: 1696, Mhz Limit: 1687

Memory: 4k page, system-wide physical 8026M (617M free)
TotalPageFile size 32411M (AvailPageFile size 5M)
current process WorkingSet (physical memory assigned to process): 587M, peak: 702M
current process commit charge ("private bytes"): 997M, peak: 999M

vm_info: OpenJDK 64-Bit Server VM (17.0.16+8-LTS) for windows-amd64 JRE (17.0.16+8-LTS), built on Jul 10 2025 00:24:24 by "MicrosoftCorporation" with unknown MS VC++:1944

END.
